25210.0, {'360082': 0.0, '360086': 0.0, 'GS_cluster_2415878664_254486231_359566_359576': 0.0}, {'360082': 0, '360086': 0, 'GS_cluster_2415878664_254486231_359566_359576': 0}, {'360082': 0, '360086': 0, 'GS_cluster_2415878664_254486231_359566_359576': 0}, 
25220.0, {'360082': 0.0, '360086': 0.0, 'GS_cluster_2415878664_254486231_359566_359576': -0.035714287}, {'360082': 0, '360086': 0, 'GS_cluster_2415878664_254486231_359566_359576': 1}, {'360082': 0, '360086': 0, 'GS_cluster_2415878664_254486231_359566_359576': 2}, 
25230.0, {'360082': -0.02232143, '360086': 0.0, 'GS_cluster_2415878664_254486231_359566_359576': -0.14285715}, {'360082': 1, '360086': 0, 'GS_cluster_2415878664_254486231_359566_359576': 1}, {'360082': 1, '360086': 0, 'GS_cluster_2415878664_254486231_359566_359576': 3}, 
25240.0, {'360082': -0.06696428, '360086': 0.0, 'GS_cluster_2415878664_254486231_359566_359576': -0.29017857}, {'360082': 1, '360086': 0, 'GS_cluster_2415878664_254486231_359566_359576': 1}, {'360082': 1, '360086': 0, 'GS_cluster_2415878664_254486231_359566_359576': 4}, 
25250.0, {'360082': -0.13392857, '360086': 0.0, 'GS_cluster_2415878664_254486231_359566_359576': -0.32589287}, {'360082': 1, '360086': 0, 'GS_cluster_2415878664_254486231_359566_359576': 1}, {'360082': 2, '360086': 0, 'GS_cluster_2415878664_254486231_359566_359576': 3}, 
25260.0, {'360082': -0.013392857, '360086': 0.0, 'GS_cluster_2415878664_254486231_359566_359576': -0.45982143}, {'360082': 1, '360086': 0, 'GS_cluster_2415878664_254486231_359566_359576': 1}, {'360082': 1, '360086': 0, 'GS_cluster_2415878664_254486231_359566_359576': 3}, 
25270.0, {'360082': -0.058035713, '360086': -0.017857144, 'GS_cluster_2415878664_254486231_359566_359576': -0.59375}, {'360082': 1, '360086': 1, 'GS_cluster_2415878664_254486231_359566_359576': 1}, {'360082': 1, '360086': 1, 'GS_cluster_2415878664_254486231_359566_359576': 3}, 
25280.0, {'360082': -0.04017857, '360086': -0.0625, 'GS_cluster_2415878664_254486231_359566_359576': -0.09821428}, {'360082': 1, '360086': 1, 'GS_cluster_2415878664_254486231_359566_359576': 1}, {'360082': 2, '360086': 1, 'GS_cluster_2415878664_254486231_359566_359576': 4}, 
25290.0, {'360082': -0.15178572, '360086': 0.0, 'GS_cluster_2415878664_254486231_359566_359576': -0.29910713}, {'360082': 2, '360086': 0, 'GS_cluster_2415878664_254486231_359566_359576': 1}, {'360082': 4, '360086': 0, 'GS_cluster_2415878664_254486231_359566_359576': 5}, 
25300.0, {'360082': -0.16517857, '360086': 0.0, 'GS_cluster_2415878664_254486231_359566_359576': -0.06696428}, {'360082': 1, '360086': 0, 'GS_cluster_2415878664_254486231_359566_359576': 1}, {'360082': 3, '360086': 0, 'GS_cluster_2415878664_254486231_359566_359576': 1}, 
25310.0, {'360082': -0.07589286, '360086': -0.03125, 'GS_cluster_2415878664_254486231_359566_359576': -0.008928572}, {'360082': 3, '360086': 1, 'GS_cluster_2415878664_254486231_359566_359576': 1}, {'360082': 3, '360086': 2, 'GS_cluster_2415878664_254486231_359566_359576': 1}, 
25320.0, {'360082': 0.0, '360086': -0.026785715, 'GS_cluster_2415878664_254486231_359566_359576': -0.09821428}, {'360082': 0, '360086': 1, 'GS_cluster_2415878664_254486231_359566_359576': 2}, {'360082': 0, '360086': 1, 'GS_cluster_2415878664_254486231_359566_359576': 4}, 
25330.0, {'360082': -0.02232143, '360086': -0.02232143, 'GS_cluster_2415878664_254486231_359566_359576': -0.36607143}, {'360082': 1, '360086': 1, 'GS_cluster_2415878664_254486231_359566_359576': 2}, {'360082': 1, '360086': 1, 'GS_cluster_2415878664_254486231_359566_359576': 8}, 
25340.0, {'360082': -0.08928572, '360086': 0.0, 'GS_cluster_2415878664_254486231_359566_359576': -0.75446427}, {'360082': 1, '360086': 0, 'GS_cluster_2415878664_254486231_359566_359576': 3}, {'360082': 3, '360086': 0, 'GS_cluster_2415878664_254486231_359566_359576': 10}, 
25350.0, {'360082': -0.06696428, '360086': 0.0, 'GS_cluster_2415878664_254486231_359566_359576': -0.86160713}, {'360082': 2, '360086': 0, 'GS_cluster_2415878664_254486231_359566_359576': 2}, {'360082': 2, '360086': 0, 'GS_cluster_2415878664_254486231_359566_359576': 7}, 
25360.0, {'360082': -0.026785715, '360086': 0.0, 'GS_cluster_2415878664_254486231_359566_359576': -0.28125}, {'360082': 1, '360086': 0, 'GS_cluster_2415878664_254486231_359566_359576': 2}, {'360082': 2, '360086': 0, 'GS_cluster_2415878664_254486231_359566_359576': 4}, 
25370.0, {'360082': -0.0625, '360086': 0.0, 'GS_cluster_2415878664_254486231_359566_359576': -0.5089286}, {'360082': 2, '360086': 0, 'GS_cluster_2415878664_254486231_359566_359576': 3}, {'360082': 2, '360086': 0, 'GS_cluster_2415878664_254486231_359566_359576': 5}, 
25380.0, {'360082': -0.23214285, '360086': -0.013392857, 'GS_cluster_2415878664_254486231_359566_359576': -0.5535714}, {'360082': 6, '360086': 1, 'GS_cluster_2415878664_254486231_359566_359576': 2}, {'360082': 6, '360086': 1, 'GS_cluster_2415878664_254486231_359566_359576': 7}, 
25390.0, {'360082': -0.21875, '360086': -0.0625, 'GS_cluster_2415878664_254486231_359566_359576': -0.19642857}, {'360082': 5, '360086': 2, 'GS_cluster_2415878664_254486231_359566_359576': 2}, {'360082': 5, '360086': 2, 'GS_cluster_2415878664_254486231_359566_359576': 3}, 
25400.0, {'360082': -0.07589286, '360086': -0.15178572, 'GS_cluster_2415878664_254486231_359566_359576': -0.2544643}, {'360082': 1, '360086': 2, 'GS_cluster_2415878664_254486231_359566_359576': 1}, {'360082': 2, '360086': 2, 'GS_cluster_2415878664_254486231_359566_359576': 4}, 
25410.0, {'360082': -0.06696428, '360086': 0.0, 'GS_cluster_2415878664_254486231_359566_359576': -0.53125}, {'360082': 1, '360086': 0, 'GS_cluster_2415878664_254486231_359566_359576': 2}, {'360082': 1, '360086': 0, 'GS_cluster_2415878664_254486231_359566_359576': 8}, 
25420.0, {'360082': -0.11160714, '360086': -0.004464286, 'GS_cluster_2415878664_254486231_359566_359576': -0.34375}, {'360082': 1, '360086': 1, 'GS_cluster_2415878664_254486231_359566_359576': 3}, {'360082': 1, '360086': 1, 'GS_cluster_2415878664_254486231_359566_359576': 8}, 
25430.0, {'360082': 0.0, '360086': -0.04910714, 'GS_cluster_2415878664_254486231_359566_359576': -0.45089287}, {'360082': 0, '360086': 1, 'GS_cluster_2415878664_254486231_359566_359576': 2}, {'360082': 0, '360086': 1, 'GS_cluster_2415878664_254486231_359566_359576': 8}, 
25440.0, {'360082': -0.07589286, '360086': -0.09375, 'GS_cluster_2415878664_254486231_359566_359576': -0.32142857}, {'360082': 4, '360086': 1, 'GS_cluster_2415878664_254486231_359566_359576': 2}, {'360082': 4, '360086': 1, 'GS_cluster_2415878664_254486231_359566_359576': 5}, 
25450.0, {'360082': -0.17857143, '360086': 0.0, 'GS_cluster_2415878664_254486231_359566_359576': -0.004464286}, {'360082': 3, '360086': 0, 'GS_cluster_2415878664_254486231_359566_359576': 1}, {'360082': 3, '360086': 0, 'GS_cluster_2415878664_254486231_359566_359576': 1}, 
25460.0, {'360082': -0.004464286, '360086': -0.035714287, 'GS_cluster_2415878664_254486231_359566_359576': -0.17857143}, {'360082': 1, '360086': 1, 'GS_cluster_2415878664_254486231_359566_359576': 2}, {'360082': 1, '360086': 2, 'GS_cluster_2415878664_254486231_359566_359576': 5}, 
25470.0, {'360082': -0.058035713, '360086': -0.125, 'GS_cluster_2415878664_254486231_359566_359576': -0.22321428}, {'360082': 1, '360086': 1, 'GS_cluster_2415878664_254486231_359566_359576': 2}, {'360082': 2, '360086': 2, 'GS_cluster_2415878664_254486231_359566_359576': 3}, 
25480.0, {'360082': -0.15625, '360086': -0.12053572, 'GS_cluster_2415878664_254486231_359566_359576': 0.0}, {'360082': 2, '360086': 1, 'GS_cluster_2415878664_254486231_359566_359576': 0}, {'360082': 4, '360086': 1, 'GS_cluster_2415878664_254486231_359566_359576': 0}, 
25490.0, {'360082': -0.39732143, '360086': -0.17857143, 'GS_cluster_2415878664_254486231_359566_359576': 0.0}, {'360082': 2, '360086': 2, 'GS_cluster_2415878664_254486231_359566_359576': 0}, {'360082': 6, '360086': 2, 'GS_cluster_2415878664_254486231_359566_359576': 0}, 
25500.0, {'360082': -0.6651786, '360086': -0.3125, 'GS_cluster_2415878664_254486231_359566_359576': -0.10714286}, {'360082': 2, '360086': 3, 'GS_cluster_2415878664_254486231_359566_359576': 2}, {'360082': 6, '360086': 3, 'GS_cluster_2415878664_254486231_359566_359576': 4}, 
25510.0, {'360082': -1.0, '360086': -0.22321428, 'GS_cluster_2415878664_254486231_359566_359576': 0.0}, {'360082': 5, '360086': 3, 'GS_cluster_2415878664_254486231_359566_359576': 0}, {'360082': 9, '360086': 3, 'GS_cluster_2415878664_254486231_359566_359576': 0}, 
25520.0, {'360082': -1.40625, '360086': -0.017857144, 'GS_cluster_2415878664_254486231_359566_359576': -0.09821428}, {'360082': 4, '360086': 1, 'GS_cluster_2415878664_254486231_359566_359576': 2}, {'360082': 10, '360086': 1, 'GS_cluster_2415878664_254486231_359566_359576': 4}, 
25530.0, {'360082': -0.3080357, '360086': -0.07589286, 'GS_cluster_2415878664_254486231_359566_359576': -0.14285715}, {'360082': 4, '360086': 2, 'GS_cluster_2415878664_254486231_359566_359576': 3}, {'360082': 6, '360086': 2, 'GS_cluster_2415878664_254486231_359566_359576': 6}, 
25540.0, {'360082': -0.2857143, '360086': -0.017857144, 'GS_cluster_2415878664_254486231_359566_359576': -0.5089286}, {'360082': 5, '360086': 1, 'GS_cluster_2415878664_254486231_359566_359576': 3}, {'360082': 5, '360086': 1, 'GS_cluster_2415878664_254486231_359566_359576': 11}, 
25550.0, {'360082': -0.3705357, '360086': -0.008928572, 'GS_cluster_2415878664_254486231_359566_359576': -0.05357143}, {'360082': 4, '360086': 1, 'GS_cluster_2415878664_254486231_359566_359576': 2}, {'360082': 4, '360086': 1, 'GS_cluster_2415878664_254486231_359566_359576': 3}, 
25560.0, {'360082': -0.38839287, '360086': -0.04910714, 'GS_cluster_2415878664_254486231_359566_359576': -0.2544643}, {'360082': 3, '360086': 2, 'GS_cluster_2415878664_254486231_359566_359576': 3}, {'360082': 3, '360086': 3, 'GS_cluster_2415878664_254486231_359566_359576': 9}, 
25570.0, {'360082': -0.035714287, '360086': -0.18303572, 'GS_cluster_2415878664_254486231_359566_359576': -0.6651786}, {'360082': 1, '360086': 2, 'GS_cluster_2415878664_254486231_359566_359576': 3}, {'360082': 1, '360086': 3, 'GS_cluster_2415878664_254486231_359566_359576': 11}, 
25580.0, {'360082': -0.12946428, '360086': -0.3169643, 'GS_cluster_2415878664_254486231_359566_359576': -0.4375}, {'360082': 3, '360086': 2, 'GS_cluster_2415878664_254486231_359566_359576': 2}, {'360082': 4, '360086': 3, 'GS_cluster_2415878664_254486231_359566_359576': 6}, 
25590.0, {'360082': -0.125, '360086': 0.0, 'GS_cluster_2415878664_254486231_359566_359576': -0.13839285}, {'360082': 1, '360086': 0, 'GS_cluster_2415878664_254486231_359566_359576': 3}, {'360082': 1, '360086': 0, 'GS_cluster_2415878664_254486231_359566_359576': 6}, 
25600.0, {'360082': -0.035714287, '360086': 0.0, 'GS_cluster_2415878664_254486231_359566_359576': -0.5089286}, {'360082': 3, '360086': 0, 'GS_cluster_2415878664_254486231_359566_359576': 3}, {'360082': 3, '360086': 0, 'GS_cluster_2415878664_254486231_359566_359576': 10}, 
25610.0, {'360082': 0.0, '360086': 0.0, 'GS_cluster_2415878664_254486231_359566_359576': -0.83928573}, {'360082': 0, '360086': 0, 'GS_cluster_2415878664_254486231_359566_359576': 3}, {'360082': 0, '360086': 0, 'GS_cluster_2415878664_254486231_359566_359576': 11}, 
25620.0, {'360082': -0.058035713, '360086': 0.0, 'GS_cluster_2415878664_254486231_359566_359576': -0.82589287}, {'360082': 4, '360086': 0, 'GS_cluster_2415878664_254486231_359566_359576': 3}, {'360082': 4, '360086': 0, 'GS_cluster_2415878664_254486231_359566_359576': 10}, 
25630.0, {'360082': -0.035714287, '360086': 0.0, 'GS_cluster_2415878664_254486231_359566_359576': -0.14732143}, {'360082': 1, '360086': 0, 'GS_cluster_2415878664_254486231_359566_359576': 2}, {'360082': 1, '360086': 0, 'GS_cluster_2415878664_254486231_359566_359576': 4}, 
25640.0, {'360082': -0.13839285, '360086': 0.0, 'GS_cluster_2415878664_254486231_359566_359576': -0.24553572}, {'360082': 4, '360086': 0, 'GS_cluster_2415878664_254486231_359566_359576': 2}, {'360082': 5, '360086': 0, 'GS_cluster_2415878664_254486231_359566_359576': 5}, 
25650.0, {'360082': -0.125, '360086': 0.0, 'GS_cluster_2415878664_254486231_359566_359576': -0.54910713}, {'360082': 1, '360086': 0, 'GS_cluster_2415878664_254486231_359566_359576': 3}, {'360082': 1, '360086': 0, 'GS_cluster_2415878664_254486231_359566_359576': 11}, 
25660.0, {'360082': -0.16964285, '360086': -0.04017857, 'GS_cluster_2415878664_254486231_359566_359576': -0.61160713}, {'360082': 1, '360086': 2, 'GS_cluster_2415878664_254486231_359566_359576': 3}, {'360082': 1, '360086': 2, 'GS_cluster_2415878664_254486231_359566_359576': 9}, 
25670.0, {'360082': -0.04017857, '360086': 0.0, 'GS_cluster_2415878664_254486231_359566_359576': -0.7723214}, {'360082': 3, '360086': 0, 'GS_cluster_2415878664_254486231_359566_359576': 5}, {'360082': 3, '360086': 0, 'GS_cluster_2415878664_254486231_359566_359576': 10}, 
25680.0, {'360082': 0.0, '360086': 0.0, 'GS_cluster_2415878664_254486231_359566_359576': -1.2366072}, {'360082': 0, '360086': 0, 'GS_cluster_2415878664_254486231_359566_359576': 5}, {'360082': 0, '360086': 0, 'GS_cluster_2415878664_254486231_359566_359576': 11}, 
25690.0, {'360082': 0.0, '360086': -0.026785715, 'GS_cluster_2415878664_254486231_359566_359576': -1.8348215}, {'360082': 0, '360086': 1, 'GS_cluster_2415878664_254486231_359566_359576': 6}, {'360082': 0, '360086': 1, 'GS_cluster_2415878664_254486231_359566_359576': 15}, 
25700.0, {'360082': 0.0, '360086': -0.071428575, 'GS_cluster_2415878664_254486231_359566_359576': -2.5714285}, {'360082': 0, '360086': 1, 'GS_cluster_2415878664_254486231_359566_359576': 7}, {'360082': 0, '360086': 1, 'GS_cluster_2415878664_254486231_359566_359576': 18}, 
25710.0, {'360082': -0.06696428, '360086': -0.16517857, 'GS_cluster_2415878664_254486231_359566_359576': -1.1116072}, {'360082': 2, '360086': 2, 'GS_cluster_2415878664_254486231_359566_359576': 5}, {'360082': 2, '360086': 4, 'GS_cluster_2415878664_254486231_359566_359576': 12}, 
25720.0, {'360082': -0.18303572, '360086': -0.25, 'GS_cluster_2415878664_254486231_359566_359576': -0.20089285}, {'360082': 2, '360086': 1, 'GS_cluster_2415878664_254486231_359566_359576': 1}, {'360082': 3, '360086': 3, 'GS_cluster_2415878664_254486231_359566_359576': 3}, 
25730.0, {'360082': -0.3392857, '360086': -0.40625, 'GS_cluster_2415878664_254486231_359566_359576': -0.32142857}, {'360082': 2, '360086': 3, 'GS_cluster_2415878664_254486231_359566_359576': 2}, {'360082': 4, '360086': 5, 'GS_cluster_2415878664_254486231_359566_359576': 6}, 
25740.0, {'360082': -0.51785713, '360086': -0.46875, 'GS_cluster_2415878664_254486231_359566_359576': -0.3169643}, {'360082': 2, '360086': 5, 'GS_cluster_2415878664_254486231_359566_359576': 3}, {'360082': 4, '360086': 7, 'GS_cluster_2415878664_254486231_359566_359576': 9}, 
25750.0, {'360082': -0.7098214, '360086': -0.8348214, 'GS_cluster_2415878664_254486231_359566_359576': -0.008928572}, {'360082': 2, '360086': 5, 'GS_cluster_2415878664_254486231_359566_359576': 1}, {'360082': 5, '360086': 9, 'GS_cluster_2415878664_254486231_359566_359576': 1}, 
25760.0, {'360082': 0.0, '360086': -0.32589287, 'GS_cluster_2415878664_254486231_359566_359576': -0.17410715}, {'360082': 0, '360086': 2, 'GS_cluster_2415878664_254486231_359566_359576': 2}, {'360082': 0, '360086': 3, 'GS_cluster_2415878664_254486231_359566_359576': 6}, 
25770.0, {'360082': -0.013392857, '360086': -0.5089286, 'GS_cluster_2415878664_254486231_359566_359576': -0.51339287}, {'360082': 1, '360086': 4, 'GS_cluster_2415878664_254486231_359566_359576': 3}, {'360082': 1, '360086': 6, 'GS_cluster_2415878664_254486231_359566_359576': 9}, 
25780.0, {'360082': 0.0, '360086': -0.05357143, 'GS_cluster_2415878664_254486231_359566_359576': 0.0}, {'360082': 0, '360086': 1, 'GS_cluster_2415878664_254486231_359566_359576': 0}, {'360082': 0, '360086': 1, 'GS_cluster_2415878664_254486231_359566_359576': 0}, 
25790.0, {'360082': -0.0625, '360086': -0.102678575, 'GS_cluster_2415878664_254486231_359566_359576': 0.0}, {'360082': 2, '360086': 3, 'GS_cluster_2415878664_254486231_359566_359576': 0}, {'360082': 2, '360086': 4, 'GS_cluster_2415878664_254486231_359566_359576': 0}, 
25800.0, {'360082': 0.0, '360086': -0.26785713, 'GS_cluster_2415878664_254486231_359566_359576': -0.08035714}, {'360082': 0, '360086': 4, 'GS_cluster_2415878664_254486231_359566_359576': 2}, {'360082': 0, '360086': 7, 'GS_cluster_2415878664_254486231_359566_359576': 2}, 
25810.0, {'360082': -0.035714287, '360086': -0.08928572, 'GS_cluster_2415878664_254486231_359566_359576': 0.0}, {'360082': 1, '360086': 4, 'GS_cluster_2415878664_254486231_359566_359576': 0}, {'360082': 1, '360086': 4, 'GS_cluster_2415878664_254486231_359566_359576': 0}, 
25820.0, {'360082': -0.14285715, '360086': -0.25, 'GS_cluster_2415878664_254486231_359566_359576': 0.0}, {'360082': 3, '360086': 6, 'GS_cluster_2415878664_254486231_359566_359576': 0}, {'360082': 3, '360086': 8, 'GS_cluster_2415878664_254486231_359566_359576': 0}, 
25830.0, {'360082': -0.2767857, '360086': -0.65178573, 'GS_cluster_2415878664_254486231_359566_359576': -0.026785715}, {'360082': 2, '360086': 6, 'GS_cluster_2415878664_254486231_359566_359576': 1}, {'360082': 3, '360086': 9, 'GS_cluster_2415878664_254486231_359566_359576': 2}, 
25840.0, {'360082': 0.0, '360086': -0.91071427, 'GS_cluster_2415878664_254486231_359566_359576': 0.0}, {'360082': 0, '360086': 10, 'GS_cluster_2415878664_254486231_359566_359576': 0}, {'360082': 0, '360086': 11, 'GS_cluster_2415878664_254486231_359566_359576': 0}, 
25850.0, {'360082': 0.0, '360086': -1.4866072, 'GS_cluster_2415878664_254486231_359566_359576': -0.026785715}, {'360082': 0, '360086': 12, 'GS_cluster_2415878664_254486231_359566_359576': 1}, {'360082': 0, '360086': 14, 'GS_cluster_2415878664_254486231_359566_359576': 1}, 
25860.0, {'360082': 0.0, '360086': -1.3526785, 'GS_cluster_2415878664_254486231_359566_359576': -0.09375}, {'360082': 0, '360086': 12, 'GS_cluster_2415878664_254486231_359566_359576': 1}, {'360082': 0, '360086': 12, 'GS_cluster_2415878664_254486231_359566_359576': 2}, 
25870.0, {'360082': 0.0, '360086': -1.5982143, 'GS_cluster_2415878664_254486231_359566_359576': -0.16071428}, {'360082': 0, '360086': 11, 'GS_cluster_2415878664_254486231_359566_359576': 1}, {'360082': 0, '360086': 11, 'GS_cluster_2415878664_254486231_359566_359576': 3}, 
25880.0, {'360082': 0.0, '360086': -1.0535715, 'GS_cluster_2415878664_254486231_359566_359576': -0.26339287}, {'360082': 0, '360086': 7, 'GS_cluster_2415878664_254486231_359566_359576': 2}, {'360082': 0, '360086': 8, 'GS_cluster_2415878664_254486231_359566_359576': 3}, 
25890.0, {'360082': 0.0, '360086': -0.38392857, 'GS_cluster_2415878664_254486231_359566_359576': -0.02232143}, {'360082': 0, '360086': 2, 'GS_cluster_2415878664_254486231_359566_359576': 1}, {'360082': 0, '360086': 4, 'GS_cluster_2415878664_254486231_359566_359576': 1}, 
25900.0, {'360082': 0.0, '360086': -0.3794643, 'GS_cluster_2415878664_254486231_359566_359576': 0.0}, {'360082': 0, '360086': 2, 'GS_cluster_2415878664_254486231_359566_359576': 0}, {'360082': 0, '360086': 2, 'GS_cluster_2415878664_254486231_359566_359576': 0}, 
25910.0, {'360082': 0.0, '360086': 0.0, 'GS_cluster_2415878664_254486231_359566_359576': 0.0}, {'360082': 0, '360086': 0, 'GS_cluster_2415878664_254486231_359566_359576': 0}, {'360082': 0, '360086': 0, 'GS_cluster_2415878664_254486231_359566_359576': 0}, 
25920.0, {'360082': 0.0, '360086': 0.0, 'GS_cluster_2415878664_254486231_359566_359576': -0.04017857}, {'360082': 0, '360086': 0, 'GS_cluster_2415878664_254486231_359566_359576': 1}, {'360082': 0, '360086': 0, 'GS_cluster_2415878664_254486231_359566_359576': 2}, 
25930.0, {'360082': -0.013392857, '360086': -0.07589286, 'GS_cluster_2415878664_254486231_359566_359576': -0.26339287}, {'360082': 1, '360086': 2, 'GS_cluster_2415878664_254486231_359566_359576': 2}, {'360082': 1, '360086': 4, 'GS_cluster_2415878664_254486231_359566_359576': 8}, 
25940.0, {'360082': -0.008928572, '360086': -0.26339287, 'GS_cluster_2415878664_254486231_359566_359576': -0.22767857}, {'360082': 1, '360086': 3, 'GS_cluster_2415878664_254486231_359566_359576': 2}, {'360082': 1, '360086': 5, 'GS_cluster_2415878664_254486231_359566_359576': 5}, 
25950.0, {'360082': -0.10714286, '360086': -0.53571427, 'GS_cluster_2415878664_254486231_359566_359576': -0.45089287}, {'360082': 2, '360086': 3, 'GS_cluster_2415878664_254486231_359566_359576': 2}, {'360082': 3, '360086': 8, 'GS_cluster_2415878664_254486231_359566_359576': 5}, 
25960.0, {'360082': -0.1875, '360086': -0.32589287, 'GS_cluster_2415878664_254486231_359566_359576': -0.6964286}, {'360082': 2, '360086': 3, 'GS_cluster_2415878664_254486231_359566_359576': 2}, {'360082': 3, '360086': 5, 'GS_cluster_2415878664_254486231_359566_359576': 6}, 
25970.0, {'360082': -0.44642857, '360086': -0.27232143, 'GS_cluster_2415878664_254486231_359566_359576': -0.96428573}, {'360082': 5, '360086': 2, 'GS_cluster_2415878664_254486231_359566_359576': 2}, {'360082': 7, '360086': 4, 'GS_cluster_2415878664_254486231_359566_359576': 6}, 
25980.0, {'360082': -0.8214286, '360086': -0.0625, 'GS_cluster_2415878664_254486231_359566_359576': -1.2723215}, {'360082': 6, '360086': 1, 'GS_cluster_2415878664_254486231_359566_359576': 2}, {'360082': 10, '360086': 1, 'GS_cluster_2415878664_254486231_359566_359576': 7}, 
25990.0, {'360082': -0.33035713, '360086': -0.13839285, 'GS_cluster_2415878664_254486231_359566_359576': -1.6696428}, {'360082': 4, '360086': 1, 'GS_cluster_2415878664_254486231_359566_359576': 4}, {'360082': 5, '360086': 2, 'GS_cluster_2415878664_254486231_359566_359576': 11}, 
26000.0, {'360082': 0.0, '360086': -0.22767857, 'GS_cluster_2415878664_254486231_359566_359576': -0.12053572}, {'360082': 0, '360086': 1, 'GS_cluster_2415878664_254486231_359566_359576': 1}, {'360082': 0, '360086': 2, 'GS_cluster_2415878664_254486231_359566_359576': 2}, 
26010.0, {'360082': 0.0, '360086': -0.017857144, 'GS_cluster_2415878664_254486231_359566_359576': -0.28125}, {'360082': 0, '360086': 1, 'GS_cluster_2415878664_254486231_359566_359576': 2}, {'360082': 0, '360086': 1, 'GS_cluster_2415878664_254486231_359566_359576': 5}, 
26020.0, {'360082': -0.03125, '360086': -0.04910714, 'GS_cluster_2415878664_254486231_359566_359576': 0.0}, {'360082': 1, '360086': 2, 'GS_cluster_2415878664_254486231_359566_359576': 0}, {'360082': 1, '360086': 3, 'GS_cluster_2415878664_254486231_359566_359576': 0}, 
26030.0, {'360082': -0.02232143, '360086': -0.19196428, 'GS_cluster_2415878664_254486231_359566_359576': -0.058035713}, {'360082': 1, '360086': 2, 'GS_cluster_2415878664_254486231_359566_359576': 2}, {'360082': 2, '360086': 4, 'GS_cluster_2415878664_254486231_359566_359576': 2}, 
26040.0, {'360082': -0.21875, '360086': -0.40625, 'GS_cluster_2415878664_254486231_359566_359576': 0.0}, {'360082': 4, '360086': 2, 'GS_cluster_2415878664_254486231_359566_359576': 0}, {'360082': 6, '360086': 5, 'GS_cluster_2415878664_254486231_359566_359576': 0}, 
26050.0, {'360082': -0.08035714, '360086': 0.0, 'GS_cluster_2415878664_254486231_359566_359576': -0.102678575}, {'360082': 3, '360086': 0, 'GS_cluster_2415878664_254486231_359566_359576': 2}, {'360082': 3, '360086': 0, 'GS_cluster_2415878664_254486231_359566_359576': 5}, 
26060.0, {'360082': -0.17857143, '360086': 0.0, 'GS_cluster_2415878664_254486231_359566_359576': -0.33482143}, {'360082': 5, '360086': 0, 'GS_cluster_2415878664_254486231_359566_359576': 2}, {'360082': 5, '360086': 0, 'GS_cluster_2415878664_254486231_359566_359576': 6}, 
26070.0, {'360082': -0.26339287, '360086': -0.013392857, 'GS_cluster_2415878664_254486231_359566_359576': 0.0}, {'360082': 4, '360086': 1, 'GS_cluster_2415878664_254486231_359566_359576': 0}, {'360082': 5, '360086': 1, 'GS_cluster_2415878664_254486231_359566_359576': 0}, 
26080.0, {'360082': -0.125, '360086': -0.08035714, 'GS_cluster_2415878664_254486231_359566_359576': 0.0}, {'360082': 1, '360086': 1, 'GS_cluster_2415878664_254486231_359566_359576': 0}, {'360082': 2, '360086': 2, 'GS_cluster_2415878664_254486231_359566_359576': 0}, 
26090.0, {'360082': -0.116071425, '360086': -0.03125, 'GS_cluster_2415878664_254486231_359566_359576': 0.0}, {'360082': 1, '360086': 1, 'GS_cluster_2415878664_254486231_359566_359576': 0}, {'360082': 1, '360086': 1, 'GS_cluster_2415878664_254486231_359566_359576': 0}, 
26100.0, {'360082': -0.16071428, '360086': -0.102678575, 'GS_cluster_2415878664_254486231_359566_359576': -0.03125}, {'360082': 1, '360086': 1, 'GS_cluster_2415878664_254486231_359566_359576': 2}, {'360082': 1, '360086': 3, 'GS_cluster_2415878664_254486231_359566_359576': 2}, 
26110.0, {'360082': -0.026785715, '360086': -0.21875, 'GS_cluster_2415878664_254486231_359566_359576': -0.22767857}, {'360082': 1, '360086': 3, 'GS_cluster_2415878664_254486231_359566_359576': 2}, {'360082': 1, '360086': 6, 'GS_cluster_2415878664_254486231_359566_359576': 6}, 
26120.0, {'360082': 0.0, '360086': -0.5223214, 'GS_cluster_2415878664_254486231_359566_359576': -0.008928572}, {'360082': 0, '360086': 4, 'GS_cluster_2415878664_254486231_359566_359576': 1}, {'360082': 0, '360086': 8, 'GS_cluster_2415878664_254486231_359566_359576': 1}, 
26130.0, {'360082': -0.017857144, '360086': -0.87946427, 'GS_cluster_2415878664_254486231_359566_359576': -0.102678575}, {'360082': 1, '360086': 4, 'GS_cluster_2415878664_254486231_359566_359576': 2}, {'360082': 1, '360086': 8, 'GS_cluster_2415878664_254486231_359566_359576': 4}, 
26140.0, {'360082': -0.07589286, '360086': -0.12053572, 'GS_cluster_2415878664_254486231_359566_359576': -0.29464287}, {'360082': 2, '360086': 1, 'GS_cluster_2415878664_254486231_359566_359576': 2}, {'360082': 2, '360086': 1, 'GS_cluster_2415878664_254486231_359566_359576': 5}, 
26150.0, {'360082': -0.058035713, '360086': -0.29464287, 'GS_cluster_2415878664_254486231_359566_359576': -0.008928572}, {'360082': 1, '360086': 2, 'GS_cluster_2415878664_254486231_359566_359576': 1}, {'360082': 1, '360086': 5, 'GS_cluster_2415878664_254486231_359566_359576': 1}, 
26160.0, {'360082': -0.11160714, '360086': -0.48214287, 'GS_cluster_2415878664_254486231_359566_359576': -0.0625}, {'360082': 2, '360086': 2, 'GS_cluster_2415878664_254486231_359566_359576': 2}, {'360082': 2, '360086': 6, 'GS_cluster_2415878664_254486231_359566_359576': 3}, 
26170.0, {'360082': -0.07589286, '360086': -0.66071427, 'GS_cluster_2415878664_254486231_359566_359576': -0.21875}, {'360082': 1, '360086': 2, 'GS_cluster_2415878664_254486231_359566_359576': 2}, {'360082': 2, '360086': 7, 'GS_cluster_2415878664_254486231_359566_359576': 6}, 
26180.0, {'360082': -0.06696428, '360086': -0.89285713, 'GS_cluster_2415878664_254486231_359566_359576': -0.6160714}, {'360082': 1, '360086': 4, 'GS_cluster_2415878664_254486231_359566_359576': 4}, {'360082': 1, '360086': 9, 'GS_cluster_2415878664_254486231_359566_359576': 10}, 
26190.0, {'360082': -0.16071428, '360086': -1.3794643, 'GS_cluster_2415878664_254486231_359566_359576': -1.1026785}, {'360082': 3, '360086': 5, 'GS_cluster_2415878664_254486231_359566_359576': 4}, {'360082': 4, '360086': 12, 'GS_cluster_2415878664_254486231_359566_359576': 11}, 
26200.0, {'360082': -0.004464286, '360086': -1.9151785, 'GS_cluster_2415878664_254486231_359566_359576': -1.6473215}, {'360082': 1, '360086': 5, 'GS_cluster_2415878664_254486231_359566_359576': 5}, {'360082': 1, '360086': 12, 'GS_cluster_2415878664_254486231_359566_359576': 13}, 
26210.0, {'360082': -0.08928572, '360086': -0.38392857, 'GS_cluster_2415878664_254486231_359566_359576': -2.0044644}, {'360082': 2, '360086': 2, 'GS_cluster_2415878664_254486231_359566_359576': 6}, {'360082': 2, '360086': 4, 'GS_cluster_2415878664_254486231_359566_359576': 15}, 
26220.0, {'360082': -0.23214285, '360086': -0.5401786, 'GS_cluster_2415878664_254486231_359566_359576': -0.7723214}, {'360082': 4, '360086': 3, 'GS_cluster_2415878664_254486231_359566_359576': 3}, {'360082': 4, '360086': 5, 'GS_cluster_2415878664_254486231_359566_359576': 8}, 
26230.0, {'360082': -0.27232143, '360086': -0.78571427, 'GS_cluster_2415878664_254486231_359566_359576': -0.48214287}, {'360082': 3, '360086': 3, 'GS_cluster_2415878664_254486231_359566_359576': 2}, {'360082': 3, '360086': 6, 'GS_cluster_2415878664_254486231_359566_359576': 6}, 
26240.0, {'360082': -0.41517857, '360086': -0.90625, 'GS_cluster_2415878664_254486231_359566_359576': -0.6160714}, {'360082': 4, '360086': 4, 'GS_cluster_2415878664_254486231_359566_359576': 2}, {'360082': 4, '360086': 8, 'GS_cluster_2415878664_254486231_359566_359576': 10}, 
26250.0, {'360082': -0.08928572, '360086': -1.3482143, 'GS_cluster_2415878664_254486231_359566_359576': -0.52678573}, {'360082': 2, '360086': 7, 'GS_cluster_2415878664_254486231_359566_359576': 3}, {'360082': 4, '360086': 12, 'GS_cluster_2415878664_254486231_359566_359576': 6}, 
26260.0, {'360082': -0.30357143, '360086': -0.36160713, 'GS_cluster_2415878664_254486231_359566_359576': -0.79464287}, {'360082': 4, '360086': 5, 'GS_cluster_2415878664_254486231_359566_359576': 3}, {'360082': 8, '360086': 6, 'GS_cluster_2415878664_254486231_359566_359576': 6}, 
26270.0, {'360082': -0.125, '360086': -0.66964287, 'GS_cluster_2415878664_254486231_359566_359576': -0.48214287}, {'360082': 1, '360086': 5, 'GS_cluster_2415878664_254486231_359566_359576': 2}, {'360082': 2, '360086': 9, 'GS_cluster_2415878664_254486231_359566_359576': 6}, 
26280.0, {'360082': -0.125, '360086': -1.125, 'GS_cluster_2415878664_254486231_359566_359576': -0.20535715}, {'360082': 2, '360086': 6, 'GS_cluster_2415878664_254486231_359566_359576': 3}, {'360082': 2, '360086': 11, 'GS_cluster_2415878664_254486231_359566_359576': 4}, 
26290.0, {'360082': -0.125, '360086': -1.7276785, 'GS_cluster_2415878664_254486231_359566_359576': -0.2857143}, {'360082': 2, '360086': 8, 'GS_cluster_2415878664_254486231_359566_359576': 2}, {'360082': 5, '360086': 16, 'GS_cluster_2415878664_254486231_359566_359576': 10}, 
26300.0, {'360082': -0.22767857, '360086': -2.5669644, 'GS_cluster_2415878664_254486231_359566_359576': -0.41517857}, {'360082': 3, '360086': 9, 'GS_cluster_2415878664_254486231_359566_359576': 2}, {'360082': 5, '360086': 20, 'GS_cluster_2415878664_254486231_359566_359576': 7}, 
26310.0, {'360082': -0.51339287, '360086': -3.513393, 'GS_cluster_2415878664_254486231_359566_359576': -0.76339287}, {'360082': 4, '360086': 12, 'GS_cluster_2415878664_254486231_359566_359576': 2}, {'360082': 9, '360086': 23, 'GS_cluster_2415878664_254486231_359566_359576': 9}, 
26320.0, {'360082': -0.0625, '360086': -2.517857, 'GS_cluster_2415878664_254486231_359566_359576': -0.10714286}, {'360082': 1, '360086': 8, 'GS_cluster_2415878664_254486231_359566_359576': 3}, {'360082': 2, '360086': 16, 'GS_cluster_2415878664_254486231_359566_359576': 4}, 
26330.0, {'360082': -0.09821428, '360086': -0.5401786, 'GS_cluster_2415878664_254486231_359566_359576': -0.14732143}, {'360082': 4, '360086': 3, 'GS_cluster_2415878664_254486231_359566_359576': 3}, {'360082': 4, '360086': 5, 'GS_cluster_2415878664_254486231_359566_359576': 6}, 
26340.0, {'360082': -0.04910714, '360086': -0.58035713, 'GS_cluster_2415878664_254486231_359566_359576': -0.3794643}, {'360082': 1, '360086': 4, 'GS_cluster_2415878664_254486231_359566_359576': 3}, {'360082': 1, '360086': 7, 'GS_cluster_2415878664_254486231_359566_359576': 9}, 
26350.0, {'360082': -0.04017857, '360086': -1.0, 'GS_cluster_2415878664_254486231_359566_359576': -0.33035713}, {'360082': 3, '360086': 4, 'GS_cluster_2415878664_254486231_359566_359576': 3}, {'360082': 3, '360086': 10, 'GS_cluster_2415878664_254486231_359566_359576': 9}, 
26360.0, {'360082': -0.23660715, '360086': -0.21875, 'GS_cluster_2415878664_254486231_359566_359576': -0.12053572}, {'360082': 6, '360086': 2, 'GS_cluster_2415878664_254486231_359566_359576': 2}, {'360082': 6, '360086': 4, 'GS_cluster_2415878664_254486231_359566_359576': 5}, 
26370.0, {'360082': -0.55803573, '360086': -0.44642857, 'GS_cluster_2415878664_254486231_359566_359576': -0.48214287}, {'360082': 8, '360086': 2, 'GS_cluster_2415878664_254486231_359566_359576': 4}, {'360082': 8, '360086': 6, 'GS_cluster_2415878664_254486231_359566_359576': 15}, 
26380.0, {'360082': -0.48214287, '360086': -0.58928573, 'GS_cluster_2415878664_254486231_359566_359576': -0.51785713}, {'360082': 5, '360086': 4, 'GS_cluster_2415878664_254486231_359566_359576': 2}, {'360082': 6, '360086': 7, 'GS_cluster_2415878664_254486231_359566_359576': 7}, 
26390.0, {'360082': -0.12946428, '360086': -0.96875, 'GS_cluster_2415878664_254486231_359566_359576': -0.23660715}, {'360082': 2, '360086': 5, 'GS_cluster_2415878664_254486231_359566_359576': 3}, {'360082': 4, '360086': 9, 'GS_cluster_2415878664_254486231_359566_359576': 8}, 
26400.0, {'360082': -0.3705357, '360086': -0.29017857, 'GS_cluster_2415878664_254486231_359566_359576': -0.09375}, {'360082': 4, '360086': 2, 'GS_cluster_2415878664_254486231_359566_359576': 2}, {'360082': 7, '360086': 4, 'GS_cluster_2415878664_254486231_359566_359576': 4}, 
26410.0, {'360082': -0.058035713, '360086': -0.08928572, 'GS_cluster_2415878664_254486231_359566_359576': -0.20982143}, {'360082': 1, '360086': 1, 'GS_cluster_2415878664_254486231_359566_359576': 3}, {'360082': 1, '360086': 2, 'GS_cluster_2415878664_254486231_359566_359576': 10}, 
26420.0, {'360082': 0.0, '360086': -0.008928572, 'GS_cluster_2415878664_254486231_359566_359576': -0.7901786}, {'360082': 0, '360086': 1, 'GS_cluster_2415878664_254486231_359566_359576': 4}, {'360082': 0, '360086': 2, 'GS_cluster_2415878664_254486231_359566_359576': 16}, 
26430.0, {'360082': -0.035714287, '360086': -0.04910714, 'GS_cluster_2415878664_254486231_359566_359576': -1.1696428}, {'360082': 1, '360086': 1, 'GS_cluster_2415878664_254486231_359566_359576': 5}, {'360082': 1, '360086': 1, 'GS_cluster_2415878664_254486231_359566_359576': 18}, 
26440.0, {'360082': -0.017857144, '360086': -0.09375, 'GS_cluster_2415878664_254486231_359566_359576': -1.65625}, {'360082': 2, '360086': 1, 'GS_cluster_2415878664_254486231_359566_359576': 5}, {'360082': 2, '360086': 1, 'GS_cluster_2415878664_254486231_359566_359576': 16}, 
26450.0, {'360082': 0.0, '360086': -0.13839285, 'GS_cluster_2415878664_254486231_359566_359576': -1.8392857}, {'360082': 0, '360086': 1, 'GS_cluster_2415878664_254486231_359566_359576': 7}, {'360082': 0, '360086': 1, 'GS_cluster_2415878664_254486231_359566_359576': 22}, 
26460.0, {'360082': -0.084821425, '360086': -0.18303572, 'GS_cluster_2415878664_254486231_359566_359576': -0.6964286}, {'360082': 1, '360086': 1, 'GS_cluster_2415878664_254486231_359566_359576': 3}, {'360082': 3, '360086': 1, 'GS_cluster_2415878664_254486231_359566_359576': 10}, 
26470.0, {'360082': -0.026785715, '360086': -0.0625, 'GS_cluster_2415878664_254486231_359566_359576': -1.2410715}, {'360082': 1, '360086': 2, 'GS_cluster_2415878664_254486231_359566_359576': 5}, {'360082': 1, '360086': 3, 'GS_cluster_2415878664_254486231_359566_359576': 17}, 
26480.0, {'360082': -0.03125, '360086': -0.24107143, 'GS_cluster_2415878664_254486231_359566_359576': -1.2633928}, {'360082': 1, '360086': 2, 'GS_cluster_2415878664_254486231_359566_359576': 5}, {'360082': 1, '360086': 5, 'GS_cluster_2415878664_254486231_359566_359576': 15}, 
26490.0, {'360082': -0.05357143, '360086': -0.51785713, 'GS_cluster_2415878664_254486231_359566_359576': -1.9732143}, {'360082': 2, '360086': 3, 'GS_cluster_2415878664_254486231_359566_359576': 6}, {'360082': 2, '360086': 7, 'GS_cluster_2415878664_254486231_359566_359576': 17}, 
26500.0, {'360082': -0.013392857, '360086': -0.5848214, 'GS_cluster_2415878664_254486231_359566_359576': -0.65178573}, {'360082': 1, '360086': 3, 'GS_cluster_2415878664_254486231_359566_359576': 3}, {'360082': 1, '360086': 8, 'GS_cluster_2415878664_254486231_359566_359576': 10}, 
26510.0, {'360082': -0.09375, '360086': -0.9910714, 'GS_cluster_2415878664_254486231_359566_359576': -0.32142857}, {'360082': 1, '360086': 5, 'GS_cluster_2415878664_254486231_359566_359576': 2}, {'360082': 3, '360086': 11, 'GS_cluster_2415878664_254486231_359566_359576': 5}, 
26520.0, {'360082': -0.18303572, '360086': -1.1875, 'GS_cluster_2415878664_254486231_359566_359576': -0.54464287}, {'360082': 1, '360086': 4, 'GS_cluster_2415878664_254486231_359566_359576': 2}, {'360082': 3, '360086': 9, 'GS_cluster_2415878664_254486231_359566_359576': 5}, 
26530.0, {'360082': -0.035714287, '360086': -0.22767857, 'GS_cluster_2415878664_254486231_359566_359576': -0.76785713}, {'360082': 2, '360086': 2, 'GS_cluster_2415878664_254486231_359566_359576': 2}, {'360082': 2, '360086': 4, 'GS_cluster_2415878664_254486231_359566_359576': 5}, 
26540.0, {'360082': -0.04464286, '360086': -0.36607143, 'GS_cluster_2415878664_254486231_359566_359576': -0.026785715}, {'360082': 1, '360086': 2, 'GS_cluster_2415878664_254486231_359566_359576': 1}, {'360082': 2, '360086': 4, 'GS_cluster_2415878664_254486231_359566_359576': 1}, 
26550.0, {'360082': -0.13392857, '360086': -0.12946428, 'GS_cluster_2415878664_254486231_359566_359576': -0.071428575}, {'360082': 1, '360086': 2, 'GS_cluster_2415878664_254486231_359566_359576': 2}, {'360082': 2, '360086': 3, 'GS_cluster_2415878664_254486231_359566_359576': 3}, 
26560.0, {'360082': -0.035714287, '360086': -0.26339287, 'GS_cluster_2415878664_254486231_359566_359576': -0.20535715}, {'360082': 2, '360086': 2, 'GS_cluster_2415878664_254486231_359566_359576': 2}, {'360082': 2, '360086': 3, 'GS_cluster_2415878664_254486231_359566_359576': 3}, 
26570.0, {'360082': -0.10714286, '360086': -0.008928572, 'GS_cluster_2415878664_254486231_359566_359576': -0.12946428}, {'360082': 2, '360086': 1, 'GS_cluster_2415878664_254486231_359566_359576': 1}, {'360082': 4, '360086': 1, 'GS_cluster_2415878664_254486231_359566_359576': 3}, 
26580.0, {'360082': -0.17857143, '360086': -0.125, 'GS_cluster_2415878664_254486231_359566_359576': -0.116071425}, {'360082': 3, '360086': 3, 'GS_cluster_2415878664_254486231_359566_359576': 3}, {'360082': 3, '360086': 4, 'GS_cluster_2415878664_254486231_359566_359576': 5}, 
26590.0, {'360082': -0.42857143, '360086': -0.23660715, 'GS_cluster_2415878664_254486231_359566_359576': -0.4642857}, {'360082': 7, '360086': 2, 'GS_cluster_2415878664_254486231_359566_359576': 3}, {'360082': 7, '360086': 4, 'GS_cluster_2415878664_254486231_359566_359576': 9}, 
26600.0, {'360082': -0.35267857, '360086': -0.30357143, 'GS_cluster_2415878664_254486231_359566_359576': -0.0625}, {'360082': 4, '360086': 1, 'GS_cluster_2415878664_254486231_359566_359576': 2}, {'360082': 8, '360086': 3, 'GS_cluster_2415878664_254486231_359566_359576': 5}, 
26610.0, {'360082': -0.4732143, '360086': -0.54464287, 'GS_cluster_2415878664_254486231_359566_359576': -0.08035714}, {'360082': 4, '360086': 4, 'GS_cluster_2415878664_254486231_359566_359576': 3}, {'360082': 4, '360086': 8, 'GS_cluster_2415878664_254486231_359566_359576': 4}, 
26620.0, {'360082': -0.13839285, '360086': -0.72321427, 'GS_cluster_2415878664_254486231_359566_359576': -0.3169643}, {'360082': 1, '360086': 4, 'GS_cluster_2415878664_254486231_359566_359576': 3}, {'360082': 1, '360086': 9, 'GS_cluster_2415878664_254486231_359566_359576': 6}, 
26630.0, {'360082': -0.04464286, '360086': -0.21428572, 'GS_cluster_2415878664_254486231_359566_359576': -0.59375}, {'360082': 1, '360086': 4, 'GS_cluster_2415878664_254486231_359566_359576': 3}, {'360082': 1, '360086': 5, 'GS_cluster_2415878664_254486231_359566_359576': 7}, 
26640.0, {'360082': -0.06696428, '360086': -0.2857143, 'GS_cluster_2415878664_254486231_359566_359576': -0.59375}, {'360082': 2, '360086': 3, 'GS_cluster_2415878664_254486231_359566_359576': 2}, {'360082': 2, '360086': 6, 'GS_cluster_2415878664_254486231_359566_359576': 9}, 
26650.0, {'360082': -0.058035713, '360086': -0.45982143, 'GS_cluster_2415878664_254486231_359566_359576': -0.29464287}, {'360082': 2, '360086': 3, 'GS_cluster_2415878664_254486231_359566_359576': 2}, {'360082': 3, '360086': 5, 'GS_cluster_2415878664_254486231_359566_359576': 5}, 
26660.0, {'360082': 0.0, '360086': -0.02232143, 'GS_cluster_2415878664_254486231_359566_359576': -0.61160713}, {'360082': 0, '360086': 1, 'GS_cluster_2415878664_254486231_359566_359576': 4}, {'360082': 0, '360086': 1, 'GS_cluster_2415878664_254486231_359566_359576': 10}, 
26670.0, {'360082': 0.0, '360086': -0.058035713, 'GS_cluster_2415878664_254486231_359566_359576': -0.09375}, {'360082': 0, '360086': 1, 'GS_cluster_2415878664_254486231_359566_359576': 1}, {'360082': 0, '360086': 2, 'GS_cluster_2415878664_254486231_359566_359576': 3}, 
26680.0, {'360082': -0.02232143, '360086': -0.008928572, 'GS_cluster_2415878664_254486231_359566_359576': -0.21428572}, {'360082': 2, '360086': 1, 'GS_cluster_2415878664_254486231_359566_359576': 3}, {'360082': 2, '360086': 1, 'GS_cluster_2415878664_254486231_359566_359576': 5}, 
26690.0, {'360082': 0.0, '360086': -0.10714286, 'GS_cluster_2415878664_254486231_359566_359576': -0.33482143}, {'360082': 0, '360086': 4, 'GS_cluster_2415878664_254486231_359566_359576': 2}, {'360082': 0, '360086': 4, 'GS_cluster_2415878664_254486231_359566_359576': 10}, 
26700.0, {'360082': -0.05357143, '360086': -0.29464287, 'GS_cluster_2415878664_254486231_359566_359576': -0.48660713}, {'360082': 3, '360086': 4, 'GS_cluster_2415878664_254486231_359566_359576': 3}, {'360082': 3, '360086': 5, 'GS_cluster_2415878664_254486231_359566_359576': 9}, 
26710.0, {'360082': -0.13392857, '360086': -0.59375, 'GS_cluster_2415878664_254486231_359566_359576': -0.0625}, {'360082': 3, '360086': 6, 'GS_cluster_2415878664_254486231_359566_359576': 2}, {'360082': 3, '360086': 8, 'GS_cluster_2415878664_254486231_359566_359576': 4}, 
26720.0, {'360082': -0.26785713, '360086': -0.7276786, 'GS_cluster_2415878664_254486231_359566_359576': -0.2767857}, {'360082': 3, '360086': 6, 'GS_cluster_2415878664_254486231_359566_359576': 3}, {'360082': 3, '360086': 8, 'GS_cluster_2415878664_254486231_359566_359576': 6}, 
26730.0, {'360082': 0.0, '360086': -0.14285715, 'GS_cluster_2415878664_254486231_359566_359576': -0.25892857}, {'360082': 0, '360086': 1, 'GS_cluster_2415878664_254486231_359566_359576': 2}, {'360082': 0, '360086': 2, 'GS_cluster_2415878664_254486231_359566_359576': 6}, 
26740.0, {'360082': 0.0, '360086': -0.11160714, 'GS_cluster_2415878664_254486231_359566_359576': -0.2767857}, {'360082': 0, '360086': 1, 'GS_cluster_2415878664_254486231_359566_359576': 2}, {'360082': 0, '360086': 1, 'GS_cluster_2415878664_254486231_359566_359576': 4}, 
26750.0, {'360082': 0.0, '360086': 0.0, 'GS_cluster_2415878664_254486231_359566_359576': -0.02232143}, {'360082': 0, '360086': 0, 'GS_cluster_2415878664_254486231_359566_359576': 2}, {'360082': 0, '360086': 0, 'GS_cluster_2415878664_254486231_359566_359576': 2}, 
26760.0, {'360082': 0.0, '360086': 0.0, 'GS_cluster_2415878664_254486231_359566_359576': -0.08035714}, {'360082': 0, '360086': 0, 'GS_cluster_2415878664_254486231_359566_359576': 2}, {'360082': 0, '360086': 0, 'GS_cluster_2415878664_254486231_359566_359576': 4}, 
26770.0, {'360082': -0.017857144, '360086': -0.035714287, 'GS_cluster_2415878664_254486231_359566_359576': 0.0}, {'360082': 1, '360086': 2, 'GS_cluster_2415878664_254486231_359566_359576': 0}, {'360082': 1, '360086': 2, 'GS_cluster_2415878664_254486231_359566_359576': 0}, 
26780.0, {'360082': -0.071428575, '360086': 0.0, 'GS_cluster_2415878664_254486231_359566_359576': -0.071428575}, {'360082': 1, '360086': 0, 'GS_cluster_2415878664_254486231_359566_359576': 2}, {'360082': 2, '360086': 0, 'GS_cluster_2415878664_254486231_359566_359576': 3}, 
26790.0, {'360082': -0.16071428, '360086': -0.05357143, 'GS_cluster_2415878664_254486231_359566_359576': -0.17410715}, {'360082': 1, '360086': 3, 'GS_cluster_2415878664_254486231_359566_359576': 2}, {'360082': 2, '360086': 3, 'GS_cluster_2415878664_254486231_359566_359576': 5}, 
26800.0, {'360082': 0.0, '360086': 0.0, 'GS_cluster_2415878664_254486231_359566_359576': -0.07589286}, {'360082': 0, '360086': 0, 'GS_cluster_2415878664_254486231_359566_359576': 2}, {'360082': 0, '360086': 0, 'GS_cluster_2415878664_254486231_359566_359576': 4}, 
26810.0, {'360082': 0.0, '360086': -0.035714287, 'GS_cluster_2415878664_254486231_359566_359576': -0.28125}, {'360082': 0, '360086': 1, 'GS_cluster_2415878664_254486231_359566_359576': 3}, {'360082': 0, '360086': 1, 'GS_cluster_2415878664_254486231_359566_359576': 5}, 
26820.0, {'360082': 0.0, '360086': 0.0, 'GS_cluster_2415878664_254486231_359566_359576': -0.5535714}, {'360082': 0, '360086': 0, 'GS_cluster_2415878664_254486231_359566_359576': 4}, {'360082': 0, '360086': 0, 'GS_cluster_2415878664_254486231_359566_359576': 7}, 
26830.0, {'360082': 0.0, '360086': 0.0, 'GS_cluster_2415878664_254486231_359566_359576': -0.11160714}, {'360082': 0, '360086': 0, 'GS_cluster_2415878664_254486231_359566_359576': 1}, {'360082': 0, '360086': 0, 'GS_cluster_2415878664_254486231_359566_359576': 4}, 
26840.0, {'360082': 0.0, '360086': -0.026785715, 'GS_cluster_2415878664_254486231_359566_359576': -0.24107143}, {'360082': 0, '360086': 1, 'GS_cluster_2415878664_254486231_359566_359576': 2}, {'360082': 0, '360086': 1, 'GS_cluster_2415878664_254486231_359566_359576': 4}, 
26850.0, {'360082': 0.0, '360086': -0.026785715, 'GS_cluster_2415878664_254486231_359566_359576': -0.48214287}, {'360082': 0, '360086': 2, 'GS_cluster_2415878664_254486231_359566_359576': 4}, {'360082': 0, '360086': 2, 'GS_cluster_2415878664_254486231_359566_359576': 7}, 
26860.0, {'360082': 0.0, '360086': -0.12946428, 'GS_cluster_2415878664_254486231_359566_359576': -0.25892857}, {'360082': 0, '360086': 3, 'GS_cluster_2415878664_254486231_359566_359576': 2}, {'360082': 0, '360086': 3, 'GS_cluster_2415878664_254486231_359566_359576': 3}, 
26870.0, {'360082': -0.026785715, '360086': 0.0, 'GS_cluster_2415878664_254486231_359566_359576': -0.30357143}, {'360082': 1, '360086': 0, 'GS_cluster_2415878664_254486231_359566_359576': 2}, {'360082': 1, '360086': 0, 'GS_cluster_2415878664_254486231_359566_359576': 3}, 
26880.0, {'360082': -0.071428575, '360086': 0.0, 'GS_cluster_2415878664_254486231_359566_359576': -0.57589287}, {'360082': 1, '360086': 0, 'GS_cluster_2415878664_254486231_359566_359576': 4}, {'360082': 1, '360086': 0, 'GS_cluster_2415878664_254486231_359566_359576': 9}, 
26890.0, {'360082': 0.0, '360086': 0.0, 'GS_cluster_2415878664_254486231_359566_359576': -0.3125}, {'360082': 0, '360086': 0, 'GS_cluster_2415878664_254486231_359566_359576': 3}, {'360082': 0, '360086': 0, 'GS_cluster_2415878664_254486231_359566_359576': 6}, 
26900.0, {'360082': 0.0, '360086': -0.004464286, 'GS_cluster_2415878664_254486231_359566_359576': -0.09375}, {'360082': 0, '360086': 1, 'GS_cluster_2415878664_254486231_359566_359576': 1}, {'360082': 0, '360086': 1, 'GS_cluster_2415878664_254486231_359566_359576': 1}, 
26910.0, {'360082': 0.0, '360086': -0.04464286, 'GS_cluster_2415878664_254486231_359566_359576': -0.04017857}, {'360082': 0, '360086': 1, 'GS_cluster_2415878664_254486231_359566_359576': 1}, {'360082': 0, '360086': 1, 'GS_cluster_2415878664_254486231_359566_359576': 1}, 
26920.0, {'360082': -0.026785715, '360086': -0.008928572, 'GS_cluster_2415878664_254486231_359566_359576': 0.0}, {'360082': 1, '360086': 1, 'GS_cluster_2415878664_254486231_359566_359576': 0}, {'360082': 1, '360086': 1, 'GS_cluster_2415878664_254486231_359566_359576': 0}, 
26930.0, {'360082': -0.008928572, '360086': -0.0625, 'GS_cluster_2415878664_254486231_359566_359576': -0.02232143}, {'360082': 1, '360086': 2, 'GS_cluster_2415878664_254486231_359566_359576': 1}, {'360082': 1, '360086': 2, 'GS_cluster_2415878664_254486231_359566_359576': 1}, 
26940.0, {'360082': -0.05357143, '360086': -0.18303572, 'GS_cluster_2415878664_254486231_359566_359576': -0.0625}, {'360082': 1, '360086': 3, 'GS_cluster_2415878664_254486231_359566_359576': 1}, {'360082': 1, '360086': 4, 'GS_cluster_2415878664_254486231_359566_359576': 2}, 
26950.0, {'360082': -0.026785715, '360086': 0.0, 'GS_cluster_2415878664_254486231_359566_359576': -0.15178572}, {'360082': 1, '360086': 0, 'GS_cluster_2415878664_254486231_359566_359576': 1}, {'360082': 2, '360086': 0, 'GS_cluster_2415878664_254486231_359566_359576': 2}, 
26960.0, {'360082': -0.15178572, '360086': 0.0, 'GS_cluster_2415878664_254486231_359566_359576': -0.008928572}, {'360082': 2, '360086': 0, 'GS_cluster_2415878664_254486231_359566_359576': 1}, {'360082': 3, '360086': 0, 'GS_cluster_2415878664_254486231_359566_359576': 1}, 
26970.0, {'360082': -0.3392857, '360086': -0.013392857, 'GS_cluster_2415878664_254486231_359566_359576': -0.004464286}, {'360082': 4, '360086': 1, 'GS_cluster_2415878664_254486231_359566_359576': 1}, {'360082': 5, '360086': 1, 'GS_cluster_2415878664_254486231_359566_359576': 1}, 
26980.0, {'360082': -0.071428575, '360086': -0.08035714, 'GS_cluster_2415878664_254486231_359566_359576': -0.04910714}, {'360082': 1, '360086': 2, 'GS_cluster_2415878664_254486231_359566_359576': 1}, {'360082': 2, '360086': 2, 'GS_cluster_2415878664_254486231_359566_359576': 1}, 
26990.0, {'360082': -0.16517857, '360086': -0.08035714, 'GS_cluster_2415878664_254486231_359566_359576': -0.116071425}, {'360082': 4, '360086': 1, 'GS_cluster_2415878664_254486231_359566_359576': 1}, {'360082': 5, '360086': 1, 'GS_cluster_2415878664_254486231_359566_359576': 2}, 
27000.0, {'360082': -0.3392857, '360086': -0.004464286, 'GS_cluster_2415878664_254486231_359566_359576': -0.2544643}, {'360082': 2, '360086': 1, 'GS_cluster_2415878664_254486231_359566_359576': 2}, {'360082': 4, '360086': 1, 'GS_cluster_2415878664_254486231_359566_359576': 4}, 
27010.0, {'360082': 0.0, '360086': -0.116071425, 'GS_cluster_2415878664_254486231_359566_359576': -0.4330357}, {'360082': 0, '360086': 2, 'GS_cluster_2415878664_254486231_359566_359576': 2}, {'360082': 0, '360086': 3, 'GS_cluster_2415878664_254486231_359566_359576': 4}, 
27020.0, {'360082': 0.0, '360086': -0.27232143, 'GS_cluster_2415878664_254486231_359566_359576': 0.0}, {'360082': 0, '360086': 2, 'GS_cluster_2415878664_254486231_359566_359576': 0}, {'360082': 0, '360086': 4, 'GS_cluster_2415878664_254486231_359566_359576': 0}, 
27030.0, {'360082': -0.03125, '360086': -0.06696428, 'GS_cluster_2415878664_254486231_359566_359576': -0.03125}, {'360082': 1, '360086': 1, 'GS_cluster_2415878664_254486231_359566_359576': 1}, {'360082': 1, '360086': 1, 'GS_cluster_2415878664_254486231_359566_359576': 1}, 
27040.0, {'360082': -0.02232143, '360086': 0.0, 'GS_cluster_2415878664_254486231_359566_359576': -0.084821425}, {'360082': 1, '360086': 0, 'GS_cluster_2415878664_254486231_359566_359576': 1}, {'360082': 1, '360086': 0, 'GS_cluster_2415878664_254486231_359566_359576': 3}, 
27050.0, {'360082': 0.0, '360086': -0.008928572, 'GS_cluster_2415878664_254486231_359566_359576': -0.17410715}, {'360082': 0, '360086': 1, 'GS_cluster_2415878664_254486231_359566_359576': 4}, {'360082': 0, '360086': 1, 'GS_cluster_2415878664_254486231_359566_359576': 6}, 
27060.0, {'360082': 0.0, '360086': -0.05357143, 'GS_cluster_2415878664_254486231_359566_359576': -0.058035713}, {'360082': 0, '360086': 1, 'GS_cluster_2415878664_254486231_359566_359576': 1}, {'360082': 0, '360086': 1, 'GS_cluster_2415878664_254486231_359566_359576': 2}, 
27070.0, {'360082': -0.017857144, '360086': 0.0, 'GS_cluster_2415878664_254486231_359566_359576': -0.12946428}, {'360082': 1, '360086': 0, 'GS_cluster_2415878664_254486231_359566_359576': 2}, {'360082': 1, '360086': 0, 'GS_cluster_2415878664_254486231_359566_359576': 4}, 
27080.0, {'360082': 0.0, '360086': -0.02232143, 'GS_cluster_2415878664_254486231_359566_359576': -0.41964287}, {'360082': 0, '360086': 1, 'GS_cluster_2415878664_254486231_359566_359576': 3}, {'360082': 0, '360086': 1, 'GS_cluster_2415878664_254486231_359566_359576': 8}, 
27090.0, {'360082': 0.0, '360086': 0.0, 'GS_cluster_2415878664_254486231_359566_359576': -0.03125}, {'360082': 0, '360086': 0, 'GS_cluster_2415878664_254486231_359566_359576': 1}, {'360082': 0, '360086': 0, 'GS_cluster_2415878664_254486231_359566_359576': 2}, 
27100.0, {'360082': 0.0, '360086': 0.0, 'GS_cluster_2415878664_254486231_359566_359576': -0.27232143}, {'360082': 0, '360086': 0, 'GS_cluster_2415878664_254486231_359566_359576': 3}, {'360082': 0, '360086': 0, 'GS_cluster_2415878664_254486231_359566_359576': 8}, 
27110.0, {'360082': -0.004464286, '360086': -0.026785715, 'GS_cluster_2415878664_254486231_359566_359576': -0.81696427}, {'360082': 1, '360086': 2, 'GS_cluster_2415878664_254486231_359566_359576': 6}, {'360082': 1, '360086': 2, 'GS_cluster_2415878664_254486231_359566_359576': 15}, 
27120.0, {'360082': -0.04910714, '360086': -0.0625, 'GS_cluster_2415878664_254486231_359566_359576': -0.5848214}, {'360082': 1, '360086': 1, 'GS_cluster_2415878664_254486231_359566_359576': 4}, {'360082': 1, '360086': 2, 'GS_cluster_2415878664_254486231_359566_359576': 9}, 
27130.0, {'360082': -0.004464286, '360086': -0.06696428, 'GS_cluster_2415878664_254486231_359566_359576': -0.45535713}, {'360082': 1, '360086': 2, 'GS_cluster_2415878664_254486231_359566_359576': 2}, {'360082': 1, '360086': 2, 'GS_cluster_2415878664_254486231_359566_359576': 5}, 
27140.0, {'360082': -0.12053572, '360086': 0.0, 'GS_cluster_2415878664_254486231_359566_359576': -0.07589286}, {'360082': 1, '360086': 0, 'GS_cluster_2415878664_254486231_359566_359576': 2}, {'360082': 3, '360086': 0, 'GS_cluster_2415878664_254486231_359566_359576': 4}, 
27150.0, {'360082': 0.0, '360086': 0.0, 'GS_cluster_2415878664_254486231_359566_359576': -0.22767857}, {'360082': 0, '360086': 0, 'GS_cluster_2415878664_254486231_359566_359576': 1}, {'360082': 0, '360086': 0, 'GS_cluster_2415878664_254486231_359566_359576': 5}, 
27160.0, {'360082': 0.0, '360086': 0.0, 'GS_cluster_2415878664_254486231_359566_359576': -0.3080357}, {'360082': 0, '360086': 0, 'GS_cluster_2415878664_254486231_359566_359576': 1}, {'360082': 0, '360086': 0, 'GS_cluster_2415878664_254486231_359566_359576': 3}, 
27170.0, {'360082': -0.02232143, '360086': -0.02232143, 'GS_cluster_2415878664_254486231_359566_359576': -0.03125}, {'360082': 1, '360086': 1, 'GS_cluster_2415878664_254486231_359566_359576': 1}, {'360082': 1, '360086': 1, 'GS_cluster_2415878664_254486231_359566_359576': 2}, 
27180.0, {'360082': -0.15625, '360086': 0.0, 'GS_cluster_2415878664_254486231_359566_359576': -0.13392857}, {'360082': 3, '360086': 0, 'GS_cluster_2415878664_254486231_359566_359576': 2}, {'360082': 5, '360086': 0, 'GS_cluster_2415878664_254486231_359566_359576': 3}, 
27190.0, {'360082': 0.0, '360086': -0.017857144, 'GS_cluster_2415878664_254486231_359566_359576': -0.26785713}, {'360082': 0, '360086': 1, 'GS_cluster_2415878664_254486231_359566_359576': 2}, {'360082': 0, '360086': 1, 'GS_cluster_2415878664_254486231_359566_359576': 3}, 
27200.0, {'360082': 0.0, '360086': 0.0, 'GS_cluster_2415878664_254486231_359566_359576': -0.4017857}, {'360082': 0, '360086': 0, 'GS_cluster_2415878664_254486231_359566_359576': 2}, {'360082': 0, '360086': 0, 'GS_cluster_2415878664_254486231_359566_359576': 3}, 
27210.0, {'360082': -0.026785715, '360086': 0.0, 'GS_cluster_2415878664_254486231_359566_359576': -0.53571427}, {'360082': 2, '360086': 0, 'GS_cluster_2415878664_254486231_359566_359576': 2}, {'360082': 3, '360086': 0, 'GS_cluster_2415878664_254486231_359566_359576': 3}, 
27220.0, {'360082': -0.11160714, '360086': 0.0, 'GS_cluster_2415878664_254486231_359566_359576': -0.05357143}, {'360082': 1, '360086': 0, 'GS_cluster_2415878664_254486231_359566_359576': 1}, {'360082': 2, '360086': 0, 'GS_cluster_2415878664_254486231_359566_359576': 2}, 
27230.0, {'360082': -0.20089285, '360086': 0.0, 'GS_cluster_2415878664_254486231_359566_359576': -0.24553572}, {'360082': 1, '360086': 0, 'GS_cluster_2415878664_254486231_359566_359576': 2}, {'360082': 2, '360086': 0, 'GS_cluster_2415878664_254486231_359566_359576': 6}, 
27240.0, {'360082': 0.0, '360086': 0.0, 'GS_cluster_2415878664_254486231_359566_359576': -0.625}, {'360082': 0, '360086': 0, 'GS_cluster_2415878664_254486231_359566_359576': 4}, {'360082': 0, '360086': 0, 'GS_cluster_2415878664_254486231_359566_359576': 11}, 
27250.0, {'360082': 0.0, '360086': -0.04017857, 'GS_cluster_2415878664_254486231_359566_359576': -0.41517857}, {'360082': 0, '360086': 1, 'GS_cluster_2415878664_254486231_359566_359576': 2}, {'360082': 0, '360086': 2, 'GS_cluster_2415878664_254486231_359566_359576': 5}, 
27260.0, {'360082': -0.035714287, '360086': 0.0, 'GS_cluster_2415878664_254486231_359566_359576': -0.66071427}, {'360082': 1, '360086': 0, 'GS_cluster_2415878664_254486231_359566_359576': 3}, {'360082': 1, '360086': 0, 'GS_cluster_2415878664_254486231_359566_359576': 9}, 
27270.0, {'360082': 0.0, '360086': 0.0, 'GS_cluster_2415878664_254486231_359566_359576': -1.2232143}, {'360082': 0, '360086': 0, 'GS_cluster_2415878664_254486231_359566_359576': 4}, {'360082': 0, '360086': 0, 'GS_cluster_2415878664_254486231_359566_359576': 17}, 
27280.0, {'360082': -0.017857144, '360086': 0.0, 'GS_cluster_2415878664_254486231_359566_359576': -0.96428573}, {'360082': 1, '360086': 0, 'GS_cluster_2415878664_254486231_359566_359576': 2}, {'360082': 1, '360086': 0, 'GS_cluster_2415878664_254486231_359566_359576': 8}, 
27290.0, {'360082': 0.0, '360086': 0.0, 'GS_cluster_2415878664_254486231_359566_359576': -1.1428572}, {'360082': 0, '360086': 0, 'GS_cluster_2415878664_254486231_359566_359576': 2}, {'360082': 0, '360086': 0, 'GS_cluster_2415878664_254486231_359566_359576': 7}, 
27300.0, {'360082': 0.0, '360086': 0.0, 'GS_cluster_2415878664_254486231_359566_359576': -1.4553572}, {'360082': 0, '360086': 0, 'GS_cluster_2415878664_254486231_359566_359576': 2}, {'360082': 0, '360086': 0, 'GS_cluster_2415878664_254486231_359566_359576': 7}, 
27310.0, {'360082': 0.0, '360086': 0.0, 'GS_cluster_2415878664_254486231_359566_359576': -0.04464286}, {'360082': 0, '360086': 0, 'GS_cluster_2415878664_254486231_359566_359576': 3}, {'360082': 0, '360086': 0, 'GS_cluster_2415878664_254486231_359566_359576': 3}, 
27320.0, {'360082': 0.0, '360086': 0.0, 'GS_cluster_2415878664_254486231_359566_359576': -0.2857143}, {'360082': 0, '360086': 0, 'GS_cluster_2415878664_254486231_359566_359576': 5}, {'360082': 0, '360086': 0, 'GS_cluster_2415878664_254486231_359566_359576': 8}, 
27330.0, {'360082': 0.0, '360086': 0.0, 'GS_cluster_2415878664_254486231_359566_359576': -0.4330357}, {'360082': 0, '360086': 0, 'GS_cluster_2415878664_254486231_359566_359576': 5}, {'360082': 0, '360086': 0, 'GS_cluster_2415878664_254486231_359566_359576': 5}, 
27340.0, {'360082': 0.0, '360086': -0.026785715, 'GS_cluster_2415878664_254486231_359566_359576': -0.79464287}, {'360082': 0, '360086': 1, 'GS_cluster_2415878664_254486231_359566_359576': 8}, {'360082': 0, '360086': 1, 'GS_cluster_2415878664_254486231_359566_359576': 10}, 
27350.0, {'360082': 0.0, '360086': -0.084821425, 'GS_cluster_2415878664_254486231_359566_359576': -0.6026786}, {'360082': 0, '360086': 1, 'GS_cluster_2415878664_254486231_359566_359576': 6}, {'360082': 0, '360086': 2, 'GS_cluster_2415878664_254486231_359566_359576': 7}, 
27360.0, {'360082': 0.0, '360086': -0.19196428, 'GS_cluster_2415878664_254486231_359566_359576': -0.16964285}, {'360082': 0, '360086': 2, 'GS_cluster_2415878664_254486231_359566_359576': 1}, {'360082': 0, '360086': 3, 'GS_cluster_2415878664_254486231_359566_359576': 3}, 
27370.0, {'360082': -0.013392857, '360086': -0.375, 'GS_cluster_2415878664_254486231_359566_359576': -0.1875}, {'360082': 1, '360086': 3, 'GS_cluster_2415878664_254486231_359566_359576': 4}, {'360082': 1, '360086': 5, 'GS_cluster_2415878664_254486231_359566_359576': 6}, 
27380.0, {'360082': 0.0, '360086': -0.49107143, 'GS_cluster_2415878664_254486231_359566_359576': -0.35714287}, {'360082': 0, '360086': 3, 'GS_cluster_2415878664_254486231_359566_359576': 5}, {'360082': 0, '360086': 6, 'GS_cluster_2415878664_254486231_359566_359576': 9}, 
27390.0, {'360082': 0.0, '360086': 0.0, 'GS_cluster_2415878664_254486231_359566_359576': -0.10714286}, {'360082': 0, '360086': 0, 'GS_cluster_2415878664_254486231_359566_359576': 2}, {'360082': 0, '360086': 0, 'GS_cluster_2415878664_254486231_359566_359576': 3}, 
27400.0, {'360082': 0.0, '360086': -0.02232143, 'GS_cluster_2415878664_254486231_359566_359576': -0.06696428}, {'360082': 0, '360086': 1, 'GS_cluster_2415878664_254486231_359566_359576': 2}, {'360082': 0, '360086': 1, 'GS_cluster_2415878664_254486231_359566_359576': 4}, 
27410.0, {'360082': 0.0, '360086': -0.06696428, 'GS_cluster_2415878664_254486231_359566_359576': -0.058035713}, {'360082': 0, '360086': 1, 'GS_cluster_2415878664_254486231_359566_359576': 2}, {'360082': 0, '360086': 1, 'GS_cluster_2415878664_254486231_359566_359576': 2}, 
27420.0, {'360082': -0.017857144, '360086': -0.11160714, 'GS_cluster_2415878664_254486231_359566_359576': -0.008928572}, {'360082': 1, '360086': 1, 'GS_cluster_2415878664_254486231_359566_359576': 1}, {'360082': 1, '360086': 1, 'GS_cluster_2415878664_254486231_359566_359576': 1}, 
27430.0, {'360082': -0.013392857, '360086': -0.008928572, 'GS_cluster_2415878664_254486231_359566_359576': -0.04017857}, {'360082': 1, '360086': 1, 'GS_cluster_2415878664_254486231_359566_359576': 1}, {'360082': 1, '360086': 1, 'GS_cluster_2415878664_254486231_359566_359576': 4}, 
27440.0, {'360082': -0.008928572, '360086': -0.017857144, 'GS_cluster_2415878664_254486231_359566_359576': -0.09375}, {'360082': 1, '360086': 1, 'GS_cluster_2415878664_254486231_359566_359576': 4}, {'360082': 1, '360086': 1, 'GS_cluster_2415878664_254486231_359566_359576': 5}, 
27450.0, {'360082': 0.0, '360086': -0.004464286, 'GS_cluster_2415878664_254486231_359566_359576': -0.07589286}, {'360082': 0, '360086': 1, 'GS_cluster_2415878664_254486231_359566_359576': 2}, {'360082': 0, '360086': 1, 'GS_cluster_2415878664_254486231_359566_359576': 3}, 
27460.0, {'360082': -0.017857144, '360086': -0.084821425, 'GS_cluster_2415878664_254486231_359566_359576': -0.13392857}, {'360082': 2, '360086': 1, 'GS_cluster_2415878664_254486231_359566_359576': 1}, {'360082': 2, '360086': 2, 'GS_cluster_2415878664_254486231_359566_359576': 3}, 
27470.0, {'360082': -0.17410715, '360086': 0.0, 'GS_cluster_2415878664_254486231_359566_359576': -0.19642857}, {'360082': 4, '360086': 0, 'GS_cluster_2415878664_254486231_359566_359576': 4}, {'360082': 4, '360086': 0, 'GS_cluster_2415878664_254486231_359566_359576': 6}, 
27480.0, {'360082': -0.09375, '360086': -0.03125, 'GS_cluster_2415878664_254486231_359566_359576': -0.5089286}, {'360082': 1, '360086': 1, 'GS_cluster_2415878664_254486231_359566_359576': 5}, {'360082': 2, '360086': 1, 'GS_cluster_2415878664_254486231_359566_359576': 7}, 
27490.0, {'360082': -0.16071428, '360086': -0.08928572, 'GS_cluster_2415878664_254486231_359566_359576': -0.70089287}, {'360082': 3, '360086': 1, 'GS_cluster_2415878664_254486231_359566_359576': 6}, {'360082': 3, '360086': 2, 'GS_cluster_2415878664_254486231_359566_359576': 10}, 
27500.0, {'360082': -0.14285715, '360086': 0.0, 'GS_cluster_2415878664_254486231_359566_359576': -0.95535713}, {'360082': 2, '360086': 0, 'GS_cluster_2415878664_254486231_359566_359576': 5}, {'360082': 3, '360086': 0, 'GS_cluster_2415878664_254486231_359566_359576': 13}, 
27510.0, {'360082': -0.14285715, '360086': -0.0625, 'GS_cluster_2415878664_254486231_359566_359576': -1.0625}, {'360082': 1, '360086': 2, 'GS_cluster_2415878664_254486231_359566_359576': 5}, {'360082': 3, '360086': 3, 'GS_cluster_2415878664_254486231_359566_359576': 10}, 
27520.0, {'360082': -0.3125, '360086': -0.02232143, 'GS_cluster_2415878664_254486231_359566_359576': -0.44642857}, {'360082': 2, '360086': 1, 'GS_cluster_2415878664_254486231_359566_359576': 2}, {'360082': 4, '360086': 1, 'GS_cluster_2415878664_254486231_359566_359576': 5}, 
27530.0, {'360082': 0.0, '360086': 0.0, 'GS_cluster_2415878664_254486231_359566_359576': -0.4330357}, {'360082': 0, '360086': 0, 'GS_cluster_2415878664_254486231_359566_359576': 3}, {'360082': 0, '360086': 0, 'GS_cluster_2415878664_254486231_359566_359576': 8}, 
27540.0, {'360082': 0.0, '360086': -0.017857144, 'GS_cluster_2415878664_254486231_359566_359576': -0.33035713}, {'360082': 0, '360086': 1, 'GS_cluster_2415878664_254486231_359566_359576': 2}, {'360082': 0, '360086': 1, 'GS_cluster_2415878664_254486231_359566_359576': 5}, 
27550.0, {'360082': 0.0, '360086': -0.0625, 'GS_cluster_2415878664_254486231_359566_359576': -0.08035714}, {'360082': 0, '360086': 1, 'GS_cluster_2415878664_254486231_359566_359576': 1}, {'360082': 0, '360086': 1, 'GS_cluster_2415878664_254486231_359566_359576': 4}, 
27560.0, {'360082': -0.013392857, '360086': -0.004464286, 'GS_cluster_2415878664_254486231_359566_359576': -0.03125}, {'360082': 1, '360086': 1, 'GS_cluster_2415878664_254486231_359566_359576': 1}, {'360082': 1, '360086': 1, 'GS_cluster_2415878664_254486231_359566_359576': 2}, 
27570.0, {'360082': 0.0, '360086': -0.04910714, 'GS_cluster_2415878664_254486231_359566_359576': -0.14285715}, {'360082': 0, '360086': 1, 'GS_cluster_2415878664_254486231_359566_359576': 1}, {'360082': 0, '360086': 1, 'GS_cluster_2415878664_254486231_359566_359576': 3}, 
27580.0, {'360082': 0.0, '360086': 0.0, 'GS_cluster_2415878664_254486231_359566_359576': -0.2767857}, {'360082': 0, '360086': 0, 'GS_cluster_2415878664_254486231_359566_359576': 1}, {'360082': 0, '360086': 0, 'GS_cluster_2415878664_254486231_359566_359576': 3}, 
27590.0, {'360082': -0.04017857, '360086': -0.035714287, 'GS_cluster_2415878664_254486231_359566_359576': -0.4330357}, {'360082': 1, '360086': 1, 'GS_cluster_2415878664_254486231_359566_359576': 2}, {'360082': 1, '360086': 1, 'GS_cluster_2415878664_254486231_359566_359576': 5}, 
27600.0, {'360082': 0.0, '360086': -0.08035714, 'GS_cluster_2415878664_254486231_359566_359576': -0.79464287}, {'360082': 0, '360086': 1, 'GS_cluster_2415878664_254486231_359566_359576': 3}, {'360082': 0, '360086': 1, 'GS_cluster_2415878664_254486231_359566_359576': 12}, 
27610.0, {'360082': 0.0, '360086': -0.125, 'GS_cluster_2415878664_254486231_359566_359576': -0.46875}, {'360082': 0, '360086': 1, 'GS_cluster_2415878664_254486231_359566_359576': 3}, {'360082': 0, '360086': 1, 'GS_cluster_2415878664_254486231_359566_359576': 7}, 
27620.0, {'360082': 0.0, '360086': 0.0, 'GS_cluster_2415878664_254486231_359566_359576': -0.15625}, {'360082': 0, '360086': 0, 'GS_cluster_2415878664_254486231_359566_359576': 2}, {'360082': 0, '360086': 0, 'GS_cluster_2415878664_254486231_359566_359576': 5}, 
27630.0, {'360082': 0.0, '360086': -0.0625, 'GS_cluster_2415878664_254486231_359566_359576': -0.2857143}, {'360082': 0, '360086': 3, 'GS_cluster_2415878664_254486231_359566_359576': 3}, {'360082': 0, '360086': 3, 'GS_cluster_2415878664_254486231_359566_359576': 6}, 
27640.0, {'360082': 0.0, '360086': -0.19642857, 'GS_cluster_2415878664_254486231_359566_359576': -0.6160714}, {'360082': 0, '360086': 3, 'GS_cluster_2415878664_254486231_359566_359576': 3}, {'360082': 0, '360086': 3, 'GS_cluster_2415878664_254486231_359566_359576': 8}, 
27650.0, {'360082': 0.0, '360086': -0.375, 'GS_cluster_2415878664_254486231_359566_359576': -1.0089285}, {'360082': 0, '360086': 4, 'GS_cluster_2415878664_254486231_359566_359576': 4}, {'360082': 0, '360086': 4, 'GS_cluster_2415878664_254486231_359566_359576': 10}, 
27660.0, {'360082': 0.0, '360086': -0.10714286, 'GS_cluster_2415878664_254486231_359566_359576': -0.16964285}, {'360082': 0, '360086': 1, 'GS_cluster_2415878664_254486231_359566_359576': 2}, {'360082': 0, '360086': 2, 'GS_cluster_2415878664_254486231_359566_359576': 5}, 
27670.0, {'360082': 0.0, '360086': -0.13392857, 'GS_cluster_2415878664_254486231_359566_359576': -0.40625}, {'360082': 0, '360086': 1, 'GS_cluster_2415878664_254486231_359566_359576': 3}, {'360082': 0, '360086': 1, 'GS_cluster_2415878664_254486231_359566_359576': 8}, 
27680.0, {'360082': 0.0, '360086': -0.17857143, 'GS_cluster_2415878664_254486231_359566_359576': -0.4955357}, {'360082': 0, '360086': 1, 'GS_cluster_2415878664_254486231_359566_359576': 3}, {'360082': 0, '360086': 1, 'GS_cluster_2415878664_254486231_359566_359576': 6}, 
27690.0, {'360082': 0.0, '360086': -0.008928572, 'GS_cluster_2415878664_254486231_359566_359576': -0.8214286}, {'360082': 0, '360086': 1, 'GS_cluster_2415878664_254486231_359566_359576': 3}, {'360082': 0, '360086': 1, 'GS_cluster_2415878664_254486231_359566_359576': 9}, 
27700.0, {'360082': 0.0, '360086': 0.0, 'GS_cluster_2415878664_254486231_359566_359576': -1.2544643}, {'360082': 0, '360086': 0, 'GS_cluster_2415878664_254486231_359566_359576': 3}, {'360082': 0, '360086': 0, 'GS_cluster_2415878664_254486231_359566_359576': 11}, 
27710.0, {'360082': 0.0, '360086': 0.0, 'GS_cluster_2415878664_254486231_359566_359576': -1.2991072}, {'360082': 0, '360086': 0, 'GS_cluster_2415878664_254486231_359566_359576': 3}, {'360082': 0, '360086': 0, 'GS_cluster_2415878664_254486231_359566_359576': 6}, 
27720.0, {'360082': 0.0, '360086': 0.0, 'GS_cluster_2415878664_254486231_359566_359576': -1.5669643}, {'360082': 0, '360086': 0, 'GS_cluster_2415878664_254486231_359566_359576': 3}, {'360082': 0, '360086': 0, 'GS_cluster_2415878664_254486231_359566_359576': 6}, 
27730.0, {'360082': 0.0, '360086': 0.0, 'GS_cluster_2415878664_254486231_359566_359576': 0.0}, {'360082': 0, '360086': 0, 'GS_cluster_2415878664_254486231_359566_359576': 0}, {'360082': 0, '360086': 0, 'GS_cluster_2415878664_254486231_359566_359576': 0}, 
27740.0, {'360082': 0.0, '360086': 0.0, 'GS_cluster_2415878664_254486231_359566_359576': -0.013392857}, {'360082': 0, '360086': 0, 'GS_cluster_2415878664_254486231_359566_359576': 1}, {'360082': 0, '360086': 0, 'GS_cluster_2415878664_254486231_359566_359576': 1}, 
27750.0, {'360082': 0.0, '360086': 0.0, 'GS_cluster_2415878664_254486231_359566_359576': -0.035714287}, {'360082': 0, '360086': 0, 'GS_cluster_2415878664_254486231_359566_359576': 1}, {'360082': 0, '360086': 0, 'GS_cluster_2415878664_254486231_359566_359576': 2}, 
27760.0, {'360082': 0.0, '360086': 0.0, 'GS_cluster_2415878664_254486231_359566_359576': 0.0}, {'360082': 0, '360086': 0, 'GS_cluster_2415878664_254486231_359566_359576': 0}, {'360082': 0, '360086': 0, 'GS_cluster_2415878664_254486231_359566_359576': 0}, 
27770.0, {'360082': 0.0, '360086': 0.0, 'GS_cluster_2415878664_254486231_359566_359576': -0.03125}, {'360082': 0, '360086': 0, 'GS_cluster_2415878664_254486231_359566_359576': 2}, {'360082': 0, '360086': 0, 'GS_cluster_2415878664_254486231_359566_359576': 2}, 
27780.0, {'360082': 0.0, '360086': -0.004464286, 'GS_cluster_2415878664_254486231_359566_359576': -0.08035714}, {'360082': 0, '360086': 1, 'GS_cluster_2415878664_254486231_359566_359576': 1}, {'360082': 0, '360086': 1, 'GS_cluster_2415878664_254486231_359566_359576': 2}, 
27790.0, {'360082': 0.0, '360086': 0.0, 'GS_cluster_2415878664_254486231_359566_359576': -0.102678575}, {'360082': 0, '360086': 0, 'GS_cluster_2415878664_254486231_359566_359576': 1}, {'360082': 0, '360086': 0, 'GS_cluster_2415878664_254486231_359566_359576': 3}, 
27800.0, {'360082': 0.0, '360086': 0.0, 'GS_cluster_2415878664_254486231_359566_359576': -0.3125}, {'360082': 0, '360086': 0, 'GS_cluster_2415878664_254486231_359566_359576': 2}, {'360082': 0, '360086': 0, 'GS_cluster_2415878664_254486231_359566_359576': 8}, 
27810.0, {'360082': 0.0, '360086': 0.0, 'GS_cluster_2415878664_254486231_359566_359576': -0.0625}, {'360082': 0, '360086': 0, 'GS_cluster_2415878664_254486231_359566_359576': 1}, {'360082': 0, '360086': 0, 'GS_cluster_2415878664_254486231_359566_359576': 1}, 
27820.0, {'360082': 0.0, '360086': -0.11160714, 'GS_cluster_2415878664_254486231_359566_359576': -0.14732143}, {'360082': 0, '360086': 3, 'GS_cluster_2415878664_254486231_359566_359576': 2}, {'360082': 0, '360086': 4, 'GS_cluster_2415878664_254486231_359566_359576': 3}, 
27830.0, {'360082': 0.0, '360086': -0.29017857, 'GS_cluster_2415878664_254486231_359566_359576': -0.3125}, {'360082': 0, '360086': 3, 'GS_cluster_2415878664_254486231_359566_359576': 3}, {'360082': 0, '360086': 4, 'GS_cluster_2415878664_254486231_359566_359576': 5}, 
27840.0, {'360082': 0.0, '360086': -0.51339287, 'GS_cluster_2415878664_254486231_359566_359576': -0.62053573}, {'360082': 0, '360086': 4, 'GS_cluster_2415878664_254486231_359566_359576': 4}, {'360082': 0, '360086': 6, 'GS_cluster_2415878664_254486231_359566_359576': 8}, 
27850.0, {'360082': 0.0, '360086': -0.78125, 'GS_cluster_2415878664_254486231_359566_359576': -0.15178572}, {'360082': 0, '360086': 4, 'GS_cluster_2415878664_254486231_359566_359576': 1}, {'360082': 0, '360086': 6, 'GS_cluster_2415878664_254486231_359566_359576': 3}, 
27860.0, {'360082': 0.0, '360086': -0.12053572, 'GS_cluster_2415878664_254486231_359566_359576': -0.17410715}, {'360082': 0, '360086': 1, 'GS_cluster_2415878664_254486231_359566_359576': 3}, {'360082': 0, '360086': 1, 'GS_cluster_2415878664_254486231_359566_359576': 7}, 
27870.0, {'360082': -0.017857144, '360086': 0.0, 'GS_cluster_2415878664_254486231_359566_359576': -0.16071428}, {'360082': 1, '360086': 0, 'GS_cluster_2415878664_254486231_359566_359576': 1}, {'360082': 1, '360086': 0, 'GS_cluster_2415878664_254486231_359566_359576': 2}, 
27880.0, {'360082': 0.0, '360086': 0.0, 'GS_cluster_2415878664_254486231_359566_359576': -0.03125}, {'360082': 0, '360086': 0, 'GS_cluster_2415878664_254486231_359566_359576': 2}, {'360082': 0, '360086': 0, 'GS_cluster_2415878664_254486231_359566_359576': 2}, 
27890.0, {'360082': -0.026785715, '360086': 0.0, 'GS_cluster_2415878664_254486231_359566_359576': -0.0625}, {'360082': 1, '360086': 0, 'GS_cluster_2415878664_254486231_359566_359576': 2}, {'360082': 1, '360086': 0, 'GS_cluster_2415878664_254486231_359566_359576': 2}, 
27900.0, {'360082': -0.05357143, '360086': -0.035714287, 'GS_cluster_2415878664_254486231_359566_359576': 0.0}, {'360082': 3, '360086': 1, 'GS_cluster_2415878664_254486231_359566_359576': 0}, {'360082': 3, '360086': 1, 'GS_cluster_2415878664_254486231_359566_359576': 0}, 
27910.0, {'360082': 0.0, '360086': -0.08035714, 'GS_cluster_2415878664_254486231_359566_359576': -0.004464286}, {'360082': 0, '360086': 1, 'GS_cluster_2415878664_254486231_359566_359576': 1}, {'360082': 0, '360086': 1, 'GS_cluster_2415878664_254486231_359566_359576': 1}, 
27920.0, {'360082': 0.0, '360086': 0.0, 'GS_cluster_2415878664_254486231_359566_359576': 0.0}, {'360082': 0, '360086': 0, 'GS_cluster_2415878664_254486231_359566_359576': 0}, {'360082': 0, '360086': 0, 'GS_cluster_2415878664_254486231_359566_359576': 0}, 
27930.0, {'360082': 0.0, '360086': 0.0, 'GS_cluster_2415878664_254486231_359566_359576': 0.0}, {'360082': 0, '360086': 0, 'GS_cluster_2415878664_254486231_359566_359576': 0}, {'360082': 0, '360086': 0, 'GS_cluster_2415878664_254486231_359566_359576': 0}, 
27940.0, {'360082': 0.0, '360086': 0.0, 'GS_cluster_2415878664_254486231_359566_359576': 0.0}, {'360082': 0, '360086': 0, 'GS_cluster_2415878664_254486231_359566_359576': 0}, {'360082': 0, '360086': 0, 'GS_cluster_2415878664_254486231_359566_359576': 0}, 
27950.0, {'360082': -0.02232143, '360086': 0.0, 'GS_cluster_2415878664_254486231_359566_359576': -0.008928572}, {'360082': 1, '360086': 0, 'GS_cluster_2415878664_254486231_359566_359576': 1}, {'360082': 1, '360086': 0, 'GS_cluster_2415878664_254486231_359566_359576': 1}, 
27960.0, {'360082': -0.06696428, '360086': 0.0, 'GS_cluster_2415878664_254486231_359566_359576': -0.116071425}, {'360082': 1, '360086': 0, 'GS_cluster_2415878664_254486231_359566_359576': 2}, {'360082': 1, '360086': 0, 'GS_cluster_2415878664_254486231_359566_359576': 3}, 
27970.0, {'360082': 0.0, '360086': 0.0, 'GS_cluster_2415878664_254486231_359566_359576': -0.3392857}, {'360082': 0, '360086': 0, 'GS_cluster_2415878664_254486231_359566_359576': 3}, {'360082': 0, '360086': 0, 'GS_cluster_2415878664_254486231_359566_359576': 5}, 
27980.0, {'360082': 0.0, '360086': 0.0, 'GS_cluster_2415878664_254486231_359566_359576': -0.6785714}, {'360082': 0, '360086': 0, 'GS_cluster_2415878664_254486231_359566_359576': 5}, {'360082': 0, '360086': 0, 'GS_cluster_2415878664_254486231_359566_359576': 11}, 
27990.0, {'360082': 0.0, '360086': 0.0, 'GS_cluster_2415878664_254486231_359566_359576': -0.83035713}, {'360082': 0, '360086': 0, 'GS_cluster_2415878664_254486231_359566_359576': 4}, {'360082': 0, '360086': 0, 'GS_cluster_2415878664_254486231_359566_359576': 13}, 
28000.0, {'360082': 0.0, '360086': -0.004464286, 'GS_cluster_2415878664_254486231_359566_359576': -0.16071428}, {'360082': 0, '360086': 1, 'GS_cluster_2415878664_254486231_359566_359576': 2}, {'360082': 0, '360086': 1, 'GS_cluster_2415878664_254486231_359566_359576': 3}, 
28010.0, {'360082': 0.0, '360086': -0.04910714, 'GS_cluster_2415878664_254486231_359566_359576': -0.29464287}, {'360082': 0, '360086': 1, 'GS_cluster_2415878664_254486231_359566_359576': 2}, {'360082': 0, '360086': 1, 'GS_cluster_2415878664_254486231_359566_359576': 3}, 
28020.0, {'360082': 0.0, '360086': -0.09375, 'GS_cluster_2415878664_254486231_359566_359576': -0.45535713}, {'360082': 0, '360086': 1, 'GS_cluster_2415878664_254486231_359566_359576': 2}, {'360082': 0, '360086': 1, 'GS_cluster_2415878664_254486231_359566_359576': 4}, 
28030.0, {'360082': -0.013392857, '360086': -0.13839285, 'GS_cluster_2415878664_254486231_359566_359576': 0.0}, {'360082': 1, '360086': 1, 'GS_cluster_2415878664_254486231_359566_359576': 0}, {'360082': 1, '360086': 1, 'GS_cluster_2415878664_254486231_359566_359576': 0}, 
28040.0, {'360082': -0.058035713, '360086': 0.0, 'GS_cluster_2415878664_254486231_359566_359576': -0.05357143}, {'360082': 1, '360086': 0, 'GS_cluster_2415878664_254486231_359566_359576': 1}, {'360082': 1, '360086': 0, 'GS_cluster_2415878664_254486231_359566_359576': 2}, 
28050.0, {'360082': 0.0, '360086': 0.0, 'GS_cluster_2415878664_254486231_359566_359576': -0.18303572}, {'360082': 0, '360086': 0, 'GS_cluster_2415878664_254486231_359566_359576': 2}, {'360082': 0, '360086': 0, 'GS_cluster_2415878664_254486231_359566_359576': 4}, 
28060.0, {'360082': 0.0, '360086': -0.03125, 'GS_cluster_2415878664_254486231_359566_359576': 0.0}, {'360082': 0, '360086': 1, 'GS_cluster_2415878664_254486231_359566_359576': 0}, {'360082': 0, '360086': 1, 'GS_cluster_2415878664_254486231_359566_359576': 0}, 
28070.0, {'360082': -0.03125, '360086': -0.07589286, 'GS_cluster_2415878664_254486231_359566_359576': -0.0625}, {'360082': 1, '360086': 1, 'GS_cluster_2415878664_254486231_359566_359576': 1}, {'360082': 1, '360086': 1, 'GS_cluster_2415878664_254486231_359566_359576': 3}, 
28080.0, {'360082': 0.0, '360086': -0.02232143, 'GS_cluster_2415878664_254486231_359566_359576': -0.06696428}, {'360082': 0, '360086': 2, 'GS_cluster_2415878664_254486231_359566_359576': 1}, {'360082': 0, '360086': 2, 'GS_cluster_2415878664_254486231_359566_359576': 2}, 
28090.0, {'360082': 0.0, '360086': -0.14285715, 'GS_cluster_2415878664_254486231_359566_359576': -0.125}, {'360082': 0, '360086': 4, 'GS_cluster_2415878664_254486231_359566_359576': 2}, {'360082': 0, '360086': 4, 'GS_cluster_2415878664_254486231_359566_359576': 3}, 
28100.0, {'360082': -0.05357143, '360086': -0.32142857, 'GS_cluster_2415878664_254486231_359566_359576': -0.20535715}, {'360082': 2, '360086': 4, 'GS_cluster_2415878664_254486231_359566_359576': 2}, {'360082': 4, '360086': 4, 'GS_cluster_2415878664_254486231_359566_359576': 3}, 
28110.0, {'360082': -0.30357143, '360086': -0.5, 'GS_cluster_2415878664_254486231_359566_359576': -0.19196428}, {'360082': 2, '360086': 4, 'GS_cluster_2415878664_254486231_359566_359576': 1}, {'360082': 6, '360086': 4, 'GS_cluster_2415878664_254486231_359566_359576': 1}, 
28120.0, {'360082': -0.102678575, '360086': -0.48214287, 'GS_cluster_2415878664_254486231_359566_359576': 0.0}, {'360082': 1, '360086': 3, 'GS_cluster_2415878664_254486231_359566_359576': 0}, {'360082': 1, '360086': 3, 'GS_cluster_2415878664_254486231_359566_359576': 0}, 
28130.0, {'360082': -0.04464286, '360086': -0.035714287, 'GS_cluster_2415878664_254486231_359566_359576': 0.0}, {'360082': 1, '360086': 1, 'GS_cluster_2415878664_254486231_359566_359576': 0}, {'360082': 1, '360086': 1, 'GS_cluster_2415878664_254486231_359566_359576': 0}, 
28140.0, {'360082': -0.102678575, '360086': -0.08035714, 'GS_cluster_2415878664_254486231_359566_359576': -0.026785715}, {'360082': 1, '360086': 1, 'GS_cluster_2415878664_254486231_359566_359576': 1}, {'360082': 2, '360086': 1, 'GS_cluster_2415878664_254486231_359566_359576': 2}, 
28150.0, {'360082': -0.13392857, '360086': 0.0, 'GS_cluster_2415878664_254486231_359566_359576': -0.22767857}, {'360082': 1, '360086': 0, 'GS_cluster_2415878664_254486231_359566_359576': 2}, {'360082': 1, '360086': 0, 'GS_cluster_2415878664_254486231_359566_359576': 7}, 
28160.0, {'360082': -0.17857143, '360086': 0.0, 'GS_cluster_2415878664_254486231_359566_359576': -0.21428572}, {'360082': 1, '360086': 0, 'GS_cluster_2415878664_254486231_359566_359576': 2}, {'360082': 1, '360086': 0, 'GS_cluster_2415878664_254486231_359566_359576': 4}, 
28170.0, {'360082': -0.24553572, '360086': -0.035714287, 'GS_cluster_2415878664_254486231_359566_359576': -0.084821425}, {'360082': 1, '360086': 1, 'GS_cluster_2415878664_254486231_359566_359576': 1}, {'360082': 3, '360086': 2, 'GS_cluster_2415878664_254486231_359566_359576': 2}, 
28180.0, {'360082': -0.39285713, '360086': -0.21428572, 'GS_cluster_2415878664_254486231_359566_359576': 0.0}, {'360082': 2, '360086': 4, 'GS_cluster_2415878664_254486231_359566_359576': 0}, {'360082': 4, '360086': 7, 'GS_cluster_2415878664_254486231_359566_359576': 0}, 
28190.0, {'360082': 0.0, '360086': -0.35714287, 'GS_cluster_2415878664_254486231_359566_359576': -0.04464286}, {'360082': 0, '360086': 7, 'GS_cluster_2415878664_254486231_359566_359576': 1}, {'360082': 0, '360086': 7, 'GS_cluster_2415878664_254486231_359566_359576': 2}, 
28200.0, {'360082': -0.04464286, '360086': -0.32142857, 'GS_cluster_2415878664_254486231_359566_359576': 0.0}, {'360082': 2, '360086': 5, 'GS_cluster_2415878664_254486231_359566_359576': 0}, {'360082': 2, '360086': 5, 'GS_cluster_2415878664_254486231_359566_359576': 0}, 
28210.0, {'360082': 0.0, '360086': -0.42857143, 'GS_cluster_2415878664_254486231_359566_359576': 0.0}, {'360082': 0, '360086': 4, 'GS_cluster_2415878664_254486231_359566_359576': 0}, {'360082': 0, '360086': 5, 'GS_cluster_2415878664_254486231_359566_359576': 0}, 
28220.0, {'360082': -0.08035714, '360086': -0.06696428, 'GS_cluster_2415878664_254486231_359566_359576': -0.05357143}, {'360082': 2, '360086': 1, 'GS_cluster_2415878664_254486231_359566_359576': 1}, {'360082': 4, '360086': 1, 'GS_cluster_2415878664_254486231_359566_359576': 3}, 
28230.0, {'360082': -0.34375, '360086': 0.0, 'GS_cluster_2415878664_254486231_359566_359576': -0.19196428}, {'360082': 4, '360086': 0, 'GS_cluster_2415878664_254486231_359566_359576': 3}, {'360082': 8, '360086': 0, 'GS_cluster_2415878664_254486231_359566_359576': 5}, 
28240.0, {'360082': -0.7589286, '360086': 0.0, 'GS_cluster_2415878664_254486231_359566_359576': -0.36160713}, {'360082': 4, '360086': 0, 'GS_cluster_2415878664_254486231_359566_359576': 4}, {'360082': 11, '360086': 0, 'GS_cluster_2415878664_254486231_359566_359576': 9}, 
28250.0, {'360082': -0.04910714, '360086': -0.035714287, 'GS_cluster_2415878664_254486231_359566_359576': -0.58928573}, {'360082': 1, '360086': 2, 'GS_cluster_2415878664_254486231_359566_359576': 3}, {'360082': 1, '360086': 2, 'GS_cluster_2415878664_254486231_359566_359576': 10}, 
28260.0, {'360082': -0.19642857, '360086': -0.09375, 'GS_cluster_2415878664_254486231_359566_359576': -0.41517857}, {'360082': 4, '360086': 2, 'GS_cluster_2415878664_254486231_359566_359576': 3}, {'360082': 6, '360086': 2, 'GS_cluster_2415878664_254486231_359566_359576': 5}, 
28270.0, {'360082': -0.05357143, '360086': -0.15178572, 'GS_cluster_2415878664_254486231_359566_359576': -0.83928573}, {'360082': 1, '360086': 2, 'GS_cluster_2415878664_254486231_359566_359576': 4}, {'360082': 1, '360086': 4, 'GS_cluster_2415878664_254486231_359566_359576': 14}, 
28280.0, {'360082': -0.084821425, '360086': -0.1875, 'GS_cluster_2415878664_254486231_359566_359576': -1.4196428}, {'360082': 2, '360086': 2, 'GS_cluster_2415878664_254486231_359566_359576': 5}, {'360082': 4, '360086': 2, 'GS_cluster_2415878664_254486231_359566_359576': 18}, 
28290.0, {'360082': -0.26339287, '360086': -0.13839285, 'GS_cluster_2415878664_254486231_359566_359576': -1.3169643}, {'360082': 2, '360086': 2, 'GS_cluster_2415878664_254486231_359566_359576': 4}, {'360082': 4, '360086': 3, 'GS_cluster_2415878664_254486231_359566_359576': 9}, 
28300.0, {'360082': -0.4419643, '360086': -0.20535715, 'GS_cluster_2415878664_254486231_359566_359576': -1.6205357}, {'360082': 2, '360086': 2, 'GS_cluster_2415878664_254486231_359566_359576': 4}, {'360082': 4, '360086': 2, 'GS_cluster_2415878664_254486231_359566_359576': 15}, 
28310.0, {'360082': 0.0, '360086': -0.32142857, 'GS_cluster_2415878664_254486231_359566_359576': -1.9330357}, {'360082': 0, '360086': 2, 'GS_cluster_2415878664_254486231_359566_359576': 6}, {'360082': 0, '360086': 3, 'GS_cluster_2415878664_254486231_359566_359576': 10}, 
28320.0, {'360082': -0.04464286, '360086': -0.12053572, 'GS_cluster_2415878664_254486231_359566_359576': -2.3794644}, {'360082': 1, '360086': 1, 'GS_cluster_2415878664_254486231_359566_359576': 6}, {'360082': 1, '360086': 3, 'GS_cluster_2415878664_254486231_359566_359576': 10}, 
28330.0, {'360082': -0.02232143, '360086': -0.29017857, 'GS_cluster_2415878664_254486231_359566_359576': -0.64285713}, {'360082': 1, '360086': 2, 'GS_cluster_2415878664_254486231_359566_359576': 3}, {'360082': 1, '360086': 6, 'GS_cluster_2415878664_254486231_359566_359576': 8}, 
28340.0, {'360082': 0.0, '360086': -0.21875, 'GS_cluster_2415878664_254486231_359566_359576': -0.68303573}, {'360082': 0, '360086': 5, 'GS_cluster_2415878664_254486231_359566_359576': 3}, {'360082': 0, '360086': 5, 'GS_cluster_2415878664_254486231_359566_359576': 10}, 
28350.0, {'360082': -0.017857144, '360086': -0.45982143, 'GS_cluster_2415878664_254486231_359566_359576': -0.98214287}, {'360082': 1, '360086': 5, 'GS_cluster_2415878664_254486231_359566_359576': 3}, {'360082': 1, '360086': 6, 'GS_cluster_2415878664_254486231_359566_359576': 9}, 
28360.0, {'360082': -0.19642857, '360086': -0.76339287, 'GS_cluster_2415878664_254486231_359566_359576': -0.35267857}, {'360082': 3, '360086': 6, 'GS_cluster_2415878664_254486231_359566_359576': 3}, {'360082': 7, '360086': 7, 'GS_cluster_2415878664_254486231_359566_359576': 5}, 
28370.0, {'360082': -0.59375, '360086': -1.1696428, 'GS_cluster_2415878664_254486231_359566_359576': -0.017857144}, {'360082': 5, '360086': 7, 'GS_cluster_2415878664_254486231_359566_359576': 1}, {'360082': 10, '360086': 11, 'GS_cluster_2415878664_254486231_359566_359576': 1}, 
28380.0, {'360082': -1.21875, '360086': -1.3705357, 'GS_cluster_2415878664_254486231_359566_359576': -0.04910714}, {'360082': 7, '360086': 9, 'GS_cluster_2415878664_254486231_359566_359576': 2}, {'360082': 16, '360086': 9, 'GS_cluster_2415878664_254486231_359566_359576': 4}, 
28390.0, {'360082': -0.61160713, '360086': -1.0089285, 'GS_cluster_2415878664_254486231_359566_359576': 0.0}, {'360082': 4, '360086': 8, 'GS_cluster_2415878664_254486231_359566_359576': 0}, {'360082': 8, '360086': 9, 'GS_cluster_2415878664_254486231_359566_359576': 0}, 
28400.0, {'360082': -0.071428575, '360086': -1.3571428, 'GS_cluster_2415878664_254486231_359566_359576': -0.05357143}, {'360082': 1, '360086': 8, 'GS_cluster_2415878664_254486231_359566_359576': 1}, {'360082': 1, '360086': 8, 'GS_cluster_2415878664_254486231_359566_359576': 3}, 
28410.0, {'360082': -0.116071425, '360086': -1.4107143, 'GS_cluster_2415878664_254486231_359566_359576': -0.15625}, {'360082': 1, '360086': 10, 'GS_cluster_2415878664_254486231_359566_359576': 1}, {'360082': 1, '360086': 10, 'GS_cluster_2415878664_254486231_359566_359576': 3}, 
28420.0, {'360082': -0.18303572, '360086': -0.9776786, 'GS_cluster_2415878664_254486231_359566_359576': -0.2767857}, {'360082': 1, '360086': 11, 'GS_cluster_2415878664_254486231_359566_359576': 2}, {'360082': 2, '360086': 19, 'GS_cluster_2415878664_254486231_359566_359576': 8}, 
28430.0, {'360082': -0.3125, '360086': -1.4642857, 'GS_cluster_2415878664_254486231_359566_359576': -0.42410713}, {'360082': 2, '360086': 11, 'GS_cluster_2415878664_254486231_359566_359576': 4}, {'360082': 4, '360086': 15, 'GS_cluster_2415878664_254486231_359566_359576': 11}, 
28440.0, {'360082': 0.0, '360086': -1.4508928, 'GS_cluster_2415878664_254486231_359566_359576': -0.17410715}, {'360082': 0, '360086': 8, 'GS_cluster_2415878664_254486231_359566_359576': 2}, {'360082': 0, '360086': 18, 'GS_cluster_2415878664_254486231_359566_359576': 4}, 
28450.0, {'360082': 0.0, '360086': -1.5089285, 'GS_cluster_2415878664_254486231_359566_359576': -0.2544643}, {'360082': 0, '360086': 7, 'GS_cluster_2415878664_254486231_359566_359576': 2}, {'360082': 0, '360086': 11, 'GS_cluster_2415878664_254486231_359566_359576': 6}, 
28460.0, {'360082': 0.0, '360086': -1.7589285, 'GS_cluster_2415878664_254486231_359566_359576': -0.29017857}, {'360082': 0, '360086': 6, 'GS_cluster_2415878664_254486231_359566_359576': 3}, {'360082': 0, '360086': 10, 'GS_cluster_2415878664_254486231_359566_359576': 6}, 
28470.0, {'360082': 0.0, '360086': -1.2589285, 'GS_cluster_2415878664_254486231_359566_359576': -0.6160714}, {'360082': 0, '360086': 4, 'GS_cluster_2415878664_254486231_359566_359576': 4}, {'360082': 0, '360086': 10, 'GS_cluster_2415878664_254486231_359566_359576': 8}, 
28480.0, {'360082': -0.004464286, '360086': -1.1696428, 'GS_cluster_2415878664_254486231_359566_359576': -0.20089285}, {'360082': 1, '360086': 4, 'GS_cluster_2415878664_254486231_359566_359576': 2}, {'360082': 1, '360086': 9, 'GS_cluster_2415878664_254486231_359566_359576': 6}, 
28490.0, {'360082': -0.04910714, '360086': -0.22321428, 'GS_cluster_2415878664_254486231_359566_359576': -0.26785713}, {'360082': 1, '360086': 1, 'GS_cluster_2415878664_254486231_359566_359576': 2}, {'360082': 1, '360086': 2, 'GS_cluster_2415878664_254486231_359566_359576': 4}, 
28500.0, {'360082': -0.102678575, '360086': 0.0, 'GS_cluster_2415878664_254486231_359566_359576': -0.04017857}, {'360082': 1, '360086': 0, 'GS_cluster_2415878664_254486231_359566_359576': 1}, {'360082': 2, '360086': 0, 'GS_cluster_2415878664_254486231_359566_359576': 2}, 
28510.0, {'360082': -0.20982143, '360086': -0.017857144, 'GS_cluster_2415878664_254486231_359566_359576': -0.084821425}, {'360082': 2, '360086': 1, 'GS_cluster_2415878664_254486231_359566_359576': 3}, {'360082': 3, '360086': 1, 'GS_cluster_2415878664_254486231_359566_359576': 3}, 
28520.0, {'360082': 0.0, '360086': -0.10714286, 'GS_cluster_2415878664_254486231_359566_359576': -0.32589287}, {'360082': 0, '360086': 1, 'GS_cluster_2415878664_254486231_359566_359576': 5}, {'360082': 0, '360086': 2, 'GS_cluster_2415878664_254486231_359566_359576': 10}, 
28530.0, {'360082': 0.0, '360086': -0.08928572, 'GS_cluster_2415878664_254486231_359566_359576': -0.12946428}, {'360082': 0, '360086': 1, 'GS_cluster_2415878664_254486231_359566_359576': 2}, {'360082': 0, '360086': 1, 'GS_cluster_2415878664_254486231_359566_359576': 3}, 
28540.0, {'360082': 0.0, '360086': -0.13392857, 'GS_cluster_2415878664_254486231_359566_359576': -0.084821425}, {'360082': 0, '360086': 1, 'GS_cluster_2415878664_254486231_359566_359576': 1}, {'360082': 0, '360086': 1, 'GS_cluster_2415878664_254486231_359566_359576': 2}, 
28550.0, {'360082': 0.0, '360086': -0.25892857, 'GS_cluster_2415878664_254486231_359566_359576': -0.12946428}, {'360082': 0, '360086': 2, 'GS_cluster_2415878664_254486231_359566_359576': 2}, {'360082': 0, '360086': 4, 'GS_cluster_2415878664_254486231_359566_359576': 4}, 
28560.0, {'360082': 0.0, '360086': 0.0, 'GS_cluster_2415878664_254486231_359566_359576': -0.1875}, {'360082': 0, '360086': 0, 'GS_cluster_2415878664_254486231_359566_359576': 1}, {'360082': 0, '360086': 0, 'GS_cluster_2415878664_254486231_359566_359576': 3}, 
28570.0, {'360082': 0.0, '360086': 0.0, 'GS_cluster_2415878664_254486231_359566_359576': -0.21875}, {'360082': 0, '360086': 0, 'GS_cluster_2415878664_254486231_359566_359576': 1}, {'360082': 0, '360086': 0, 'GS_cluster_2415878664_254486231_359566_359576': 2}, 
28580.0, {'360082': 0.0, '360086': 0.0, 'GS_cluster_2415878664_254486231_359566_359576': -0.02232143}, {'360082': 0, '360086': 0, 'GS_cluster_2415878664_254486231_359566_359576': 1}, {'360082': 0, '360086': 0, 'GS_cluster_2415878664_254486231_359566_359576': 1}, 
28590.0, {'360082': 0.0, '360086': 0.0, 'GS_cluster_2415878664_254486231_359566_359576': -0.03125}, {'360082': 0, '360086': 0, 'GS_cluster_2415878664_254486231_359566_359576': 1}, {'360082': 0, '360086': 0, 'GS_cluster_2415878664_254486231_359566_359576': 1}, 
28600.0, {'360082': -0.035714287, '360086': 0.0, 'GS_cluster_2415878664_254486231_359566_359576': -0.02232143}, {'360082': 2, '360086': 0, 'GS_cluster_2415878664_254486231_359566_359576': 1}, {'360082': 2, '360086': 0, 'GS_cluster_2415878664_254486231_359566_359576': 1}, 
28610.0, {'360082': 0.0, '360086': 0.0, 'GS_cluster_2415878664_254486231_359566_359576': -0.058035713}, {'360082': 0, '360086': 0, 'GS_cluster_2415878664_254486231_359566_359576': 1}, {'360082': 0, '360086': 0, 'GS_cluster_2415878664_254486231_359566_359576': 3}, 
28620.0, {'360082': 0.0, '360086': 0.0, 'GS_cluster_2415878664_254486231_359566_359576': -0.12946428}, {'360082': 0, '360086': 0, 'GS_cluster_2415878664_254486231_359566_359576': 1}, {'360082': 0, '360086': 0, 'GS_cluster_2415878664_254486231_359566_359576': 2}, 
28630.0, {'360082': -0.04910714, '360086': 0.0, 'GS_cluster_2415878664_254486231_359566_359576': -0.3080357}, {'360082': 2, '360086': 0, 'GS_cluster_2415878664_254486231_359566_359576': 2}, {'360082': 2, '360086': 0, 'GS_cluster_2415878664_254486231_359566_359576': 5}, 
28640.0, {'360082': 0.0, '360086': 0.0, 'GS_cluster_2415878664_254486231_359566_359576': -0.017857144}, {'360082': 0, '360086': 0, 'GS_cluster_2415878664_254486231_359566_359576': 1}, {'360082': 0, '360086': 0, 'GS_cluster_2415878664_254486231_359566_359576': 1}, 
28650.0, {'360082': -0.035714287, '360086': 0.0, 'GS_cluster_2415878664_254486231_359566_359576': -0.03125}, {'360082': 1, '360086': 0, 'GS_cluster_2415878664_254486231_359566_359576': 2}, {'360082': 1, '360086': 0, 'GS_cluster_2415878664_254486231_359566_359576': 2}, 
28660.0, {'360082': -0.08035714, '360086': 0.0, 'GS_cluster_2415878664_254486231_359566_359576': -0.071428575}, {'360082': 1, '360086': 0, 'GS_cluster_2415878664_254486231_359566_359576': 1}, {'360082': 1, '360086': 0, 'GS_cluster_2415878664_254486231_359566_359576': 1}, 
28670.0, {'360082': 0.0, '360086': 0.0, 'GS_cluster_2415878664_254486231_359566_359576': -0.19196428}, {'360082': 0, '360086': 0, 'GS_cluster_2415878664_254486231_359566_359576': 2}, {'360082': 0, '360086': 0, 'GS_cluster_2415878664_254486231_359566_359576': 3}, 
28680.0, {'360082': 0.0, '360086': 0.0, 'GS_cluster_2415878664_254486231_359566_359576': -0.017857144}, {'360082': 0, '360086': 0, 'GS_cluster_2415878664_254486231_359566_359576': 1}, {'360082': 0, '360086': 0, 'GS_cluster_2415878664_254486231_359566_359576': 1}, 
28690.0, {'360082': 0.0, '360086': 0.0, 'GS_cluster_2415878664_254486231_359566_359576': -0.008928572}, {'360082': 0, '360086': 0, 'GS_cluster_2415878664_254486231_359566_359576': 1}, {'360082': 0, '360086': 0, 'GS_cluster_2415878664_254486231_359566_359576': 2}, 
28700.0, {'360082': 0.0, '360086': 0.0, 'GS_cluster_2415878664_254486231_359566_359576': -0.12946428}, {'360082': 0, '360086': 0, 'GS_cluster_2415878664_254486231_359566_359576': 1}, {'360082': 0, '360086': 0, 'GS_cluster_2415878664_254486231_359566_359576': 5}, 
28710.0, {'360082': 0.0, '360086': 0.0, 'GS_cluster_2415878664_254486231_359566_359576': -0.27232143}, {'360082': 0, '360086': 0, 'GS_cluster_2415878664_254486231_359566_359576': 2}, {'360082': 0, '360086': 0, 'GS_cluster_2415878664_254486231_359566_359576': 7}, 
28720.0, {'360082': 0.0, '360086': 0.0, 'GS_cluster_2415878664_254486231_359566_359576': -0.62053573}, {'360082': 0, '360086': 0, 'GS_cluster_2415878664_254486231_359566_359576': 3}, {'360082': 0, '360086': 0, 'GS_cluster_2415878664_254486231_359566_359576': 11}, 
28730.0, {'360082': 0.0, '360086': 0.0, 'GS_cluster_2415878664_254486231_359566_359576': -0.55803573}, {'360082': 0, '360086': 0, 'GS_cluster_2415878664_254486231_359566_359576': 3}, {'360082': 0, '360086': 0, 'GS_cluster_2415878664_254486231_359566_359576': 7}, 
28740.0, {'360082': -0.013392857, '360086': -0.013392857, 'GS_cluster_2415878664_254486231_359566_359576': -0.12053572}, {'360082': 1, '360086': 2, 'GS_cluster_2415878664_254486231_359566_359576': 2}, {'360082': 1, '360086': 2, 'GS_cluster_2415878664_254486231_359566_359576': 5}, 
28750.0, {'360082': -0.004464286, '360086': -0.102678575, 'GS_cluster_2415878664_254486231_359566_359576': -0.102678575}, {'360082': 1, '360086': 2, 'GS_cluster_2415878664_254486231_359566_359576': 2}, {'360082': 1, '360086': 2, 'GS_cluster_2415878664_254486231_359566_359576': 4}, 
28760.0, {'360082': -0.04017857, '360086': -0.19196428, 'GS_cluster_2415878664_254486231_359566_359576': -0.084821425}, {'360082': 1, '360086': 2, 'GS_cluster_2415878664_254486231_359566_359576': 2}, {'360082': 1, '360086': 2, 'GS_cluster_2415878664_254486231_359566_359576': 4}, 
28770.0, {'360082': -0.03125, '360086': 0.0, 'GS_cluster_2415878664_254486231_359566_359576': -0.20982143}, {'360082': 2, '360086': 0, 'GS_cluster_2415878664_254486231_359566_359576': 2}, {'360082': 2, '360086': 0, 'GS_cluster_2415878664_254486231_359566_359576': 4}, 
28780.0, {'360082': -0.058035713, '360086': -0.03125, 'GS_cluster_2415878664_254486231_359566_359576': -0.14732143}, {'360082': 1, '360086': 1, 'GS_cluster_2415878664_254486231_359566_359576': 2}, {'360082': 1, '360086': 1, 'GS_cluster_2415878664_254486231_359566_359576': 3}, 
28790.0, {'360082': 0.0, '360086': -0.07589286, 'GS_cluster_2415878664_254486231_359566_359576': -0.08035714}, {'360082': 0, '360086': 1, 'GS_cluster_2415878664_254486231_359566_359576': 2}, {'360082': 0, '360086': 1, 'GS_cluster_2415878664_254486231_359566_359576': 3}, 
28800.0, {'360082': 0.0, '360086': -0.013392857, 'GS_cluster_2415878664_254486231_359566_359576': -0.20535715}, {'360082': 0, '360086': 1, 'GS_cluster_2415878664_254486231_359566_359576': 2}, {'360082': 0, '360086': 1, 'GS_cluster_2415878664_254486231_359566_359576': 4}, 
